ridership,ds
124162.0,2011-01-01
93666.0,2011-01-02
285891.0,2011-01-03
322306.0,2011-01-04
327006.0,2011-01-05
329001.0,2011-01-06
323306.0,2011-01-07
142343.0,2011-01-08
109395.0,2011-01-09
316511.0,2011-01-10
323127.0,2011-01-11
335277.0,2011-01-12
326656.0,2011-01-13
330920.0,2011-01-14
156824.0,2011-01-15
115394.0,2011-01-16
183058.0,2011-01-17
342865.0,2011-01-18
345365.0,2011-01-19
346986.0,2011-01-20
341530.0,2011-01-21
165065.0,2011-01-22
109286.0,2011-01-23
342274.0,2011-01-24
352138.0,2011-01-25
358848.0,2011-01-26
358788.0,2011-01-27
349025.0,2011-01-28
179703.0,2011-01-29
104242.0,2011-01-30
333704.0,2011-01-31
350963.0,2011-02-01
351270.0,2011-02-02
351747.0,2011-02-03
337951.0,2011-02-04
181274.0,2011-02-05
111754.0,2011-02-06
342438.0,2011-02-07
352433.0,2011-02-08
360041.0,2011-02-09
359156.0,2011-02-10
342629.0,2011-02-11
170969.0,2011-02-12
119416.0,2011-02-13
335531.0,2011-02-14
351823.0,2011-02-15
346871.0,2011-02-16
338049.0,2011-02-17
310585.0,2011-02-18
154010.0,2011-02-19
128273.0,2011-02-20
173507.0,2011-02-21
360488.0,2011-02-22
360186.0,2011-02-23
356577.0,2011-02-24
338085.0,2011-02-25
168257.0,2011-02-26
109055.0,2011-02-27
340063.0,2011-02-28
354215.0,2011-03-01
344592.0,2011-03-02
360842.0,2011-03-03
353508.0,2011-03-04
174724.0,2011-03-05
104014.0,2011-03-06
338804.0,2011-03-07
352180.0,2011-03-08
352559.0,2011-03-09
357054.0,2011-03-10
331944.0,2011-03-11
182546.0,2011-03-12
105956.0,2011-03-13
327192.0,2011-03-14
346153.0,2011-03-15
360399.0,2011-03-16
369198.0,2011-03-17
322339.0,2011-03-18
141992.0,2011-03-19
102261.0,2011-03-20
331446.0,2011-03-21
350722.0,2011-03-22
343728.0,2011-03-23
329165.0,2011-03-24
324734.0,2011-03-25
161535.0,2011-03-26
123453.0,2011-03-27
336618.0,2011-03-28
347874.0,2011-03-29
346070.0,2011-03-30
338586.0,2011-03-31
358509.0,2011-04-01
183691.0,2011-04-02
132775.0,2011-04-03
340756.0,2011-04-04
352480.0,2011-04-05
358758.0,2011-04-06
353465.0,2011-04-07
352453.0,2011-04-08
187315.0,2011-04-09
131761.0,2011-04-10
348866.0,2011-04-11
359056.0,2011-04-12
363336.0,2011-04-13
360020.0,2011-04-14
351310.0,2011-04-15
177846.0,2011-04-16
122098.0,2011-04-17
329531.0,2011-04-18
362486.0,2011-04-19
375292.0,2011-04-20
362660.0,2011-04-21
328894.0,2011-04-22
167610.0,2011-04-23
109551.0,2011-04-24
329854.0,2011-04-25
353845.0,2011-04-26
354441.0,2011-04-27
356900.0,2011-04-28
349204.0,2011-04-29
178942.0,2011-04-30
131150.0,2011-05-01
340217.0,2011-05-02
356074.0,2011-05-03
363519.0,2011-05-04
370664.0,2011-05-05
353437.0,2011-05-06
172598.0,2011-05-07
122370.0,2011-05-08
339979.0,2011-05-09
363598.0,2011-05-10
361247.0,2011-05-11
369458.0,2011-05-12
359783.0,2011-05-13
179522.0,2011-05-14
168861.0,2011-05-15
339359.0,2011-05-16
345612.0,2011-05-17
365060.0,2011-05-18
368413.0,2011-05-19
349001.0,2011-05-20
180234.0,2011-05-21
124489.0,2011-05-22
336321.0,2011-05-23
355850.0,2011-05-24
346604.0,2011-05-25
356335.0,2011-05-26
326351.0,2011-05-27
158685.0,2011-05-28
147234.0,2011-05-29
124125.0,2011-05-30
331521.0,2011-05-31
347135.0,2011-06-01
347700.0,2011-06-02
340608.0,2011-06-03
144312.0,2011-06-04
118474.0,2011-06-05
333452.0,2011-06-06
382844.0,2011-06-07
374770.0,2011-06-08
358722.0,2011-06-09
344865.0,2011-06-10
175296.0,2011-06-11
128809.0,2011-06-12
331921.0,2011-06-13
355742.0,2011-06-14
363350.0,2011-06-15
366029.0,2011-06-16
363645.0,2011-06-17
188544.0,2011-06-18
143137.0,2011-06-19
340832.0,2011-06-20
365170.0,2011-06-21
368512.0,2011-06-22
373973.0,2011-06-23
355883.0,2011-06-24
204815.0,2011-06-25
251651.0,2011-06-26
340441.0,2011-06-27
338327.0,2011-06-28
360023.0,2011-06-29
367715.0,2011-06-30
339801.0,2011-07-01
174643.0,2011-07-02
130512.0,2011-07-03
153619.0,2011-07-04
349165.0,2011-07-05
367213.0,2011-07-06
369224.0,2011-07-07
351642.0,2011-07-08
172296.0,2011-07-09
126440.0,2011-07-10
337094.0,2011-07-11
361647.0,2011-07-12
363187.0,2011-07-13
364377.0,2011-07-14
351725.0,2011-07-15
175425.0,2011-07-16
132850.0,2011-07-17
349353.0,2011-07-18
367714.0,2011-07-19
374923.0,2011-07-20
368787.0,2011-07-21
356202.0,2011-07-22
180464.0,2011-07-23
135414.0,2011-07-24
343073.0,2011-07-25
360343.0,2011-07-26
367360.0,2011-07-27
365874.0,2011-07-28
352806.0,2011-07-29
180696.0,2011-07-30
136847.0,2011-07-31
343930.0,2011-08-01
362330.0,2011-08-02
364278.0,2011-08-03
362842.0,2011-08-04
352476.0,2011-08-05
181576.0,2011-08-06
133052.0,2011-08-07
329974.0,2011-08-08
356928.0,2011-08-09
364130.0,2011-08-10
368109.0,2011-08-11
357142.0,2011-08-12
195847.0,2011-08-13
145274.0,2011-08-14
329119.0,2011-08-15
353267.0,2011-08-16
367224.0,2011-08-17
366368.0,2011-08-18
347468.0,2011-08-19
207872.0,2011-08-20
135529.0,2011-08-21
334457.0,2011-08-22
371705.0,2011-08-23
375639.0,2011-08-24
378312.0,2011-08-25
365521.0,2011-08-26
189919.0,2011-08-27
147676.0,2011-08-28
353241.0,2011-08-29
373752.0,2011-08-30
378580.0,2011-08-31
379553.0,2011-09-01
367354.0,2011-09-02
188330.0,2011-09-03
152091.0,2011-09-04
128504.0,2011-09-05
369253.0,2011-09-06
376447.0,2011-09-07
372709.0,2011-09-08
367790.0,2011-09-09
189491.0,2011-09-10
134045.0,2011-09-11
362372.0,2011-09-12
379386.0,2011-09-13
389048.0,2011-09-14
380875.0,2011-09-15
372091.0,2011-09-16
201143.0,2011-09-17
135585.0,2011-09-18
357526.0,2011-09-19
374638.0,2011-09-20
381470.0,2011-09-21
386878.0,2011-09-22
370152.0,2011-09-23
196701.0,2011-09-24
162554.0,2011-09-25
364598.0,2011-09-26
380677.0,2011-09-27
380187.0,2011-09-28
372635.0,2011-09-29
371305.0,2011-09-30
191045.0,2011-10-01
174557.0,2011-10-02
366367.0,2011-10-03
382910.0,2011-10-04
377968.0,2011-10-05
378436.0,2011-10-06
370179.0,2011-10-07
216471.0,2011-10-08
168579.0,2011-10-09
303701.0,2011-10-10
370825.0,2011-10-11
378802.0,2011-10-12
400989.0,2011-10-13
54570.0,2011-10-14
3710.0,2011-10-16
302335.0,2011-10-17
374799.0,2011-10-18
384739.0,2011-10-19
380624.0,2011-10-20
368690.0,2011-10-21
197600.0,2011-10-22
156148.0,2011-10-23
359865.0,2011-10-24
374861.0,2011-10-25
377294.0,2011-10-26
376709.0,2011-10-27
362960.0,2011-10-28
172252.0,2011-10-29
130832.0,2011-10-30
349109.0,2011-10-31
375047.0,2011-11-01
391150.0,2011-11-02
379274.0,2011-11-03
369640.0,2011-11-04
148456.0,2011-11-06
362031.0,2011-11-07
375850.0,2011-11-08
381584.0,2011-11-09
383187.0,2011-11-10
285620.0,2011-11-11
188958.0,2011-11-12
128859.0,2011-11-13
355946.0,2011-11-14
373971.0,2011-11-15
380459.0,2011-11-16
377501.0,2011-11-17
364160.0,2011-11-18
179187.0,2011-11-19
113864.0,2011-11-20
353970.0,2011-11-21
361438.0,2011-11-22
322374.0,2011-11-23
83167.0,2011-11-24
206928.0,2011-11-25
164612.0,2011-11-26
144608.0,2011-11-27
348370.0,2011-11-28
365423.0,2011-11-29
370526.0,2011-11-30
374325.0,2011-12-01
371226.0,2011-12-02
192977.0,2011-12-03
136307.0,2011-12-04
363377.0,2011-12-05
376493.0,2011-12-06
378753.0,2011-12-07
383183.0,2011-12-08
380090.0,2011-12-09
197560.0,2011-12-10
124224.0,2011-12-11
354287.0,2011-12-12
365769.0,2011-12-13
375456.0,2011-12-14
372334.0,2011-12-15
370057.0,2011-12-16
202554.0,2011-12-17
167162.0,2011-12-18
351863.0,2011-12-19
356589.0,2011-12-20
356142.0,2011-12-21
336883.0,2011-12-22
285652.0,2011-12-23
128732.0,2011-12-24
65836.0,2011-12-25
151638.0,2011-12-26
261527.0,2011-12-27
282111.0,2011-12-28
282257.0,2011-12-29
256184.0,2011-12-30
204500.0,2011-12-31
37382.0,2012-01-01
170762.0,2012-01-01
141346.0,2012-01-02
333529.0,2012-01-03
343547.0,2012-01-04
351072.0,2012-01-05
345885.0,2012-01-06
164741.0,2012-01-07
114078.0,2012-01-08
339917.0,2012-01-09
357695.0,2012-01-10
355074.0,2012-01-11
363893.0,2012-01-12
349719.0,2012-01-13
175333.0,2012-01-14
122713.0,2012-01-15
194152.0,2012-01-16
365267.0,2012-01-17
365532.0,2012-01-18
363244.0,2012-01-19
345285.0,2012-01-20
166109.0,2012-01-21
112927.0,2012-01-22
339551.0,2012-01-23
370182.0,2012-01-24
379792.0,2012-01-25
378310.0,2012-01-26
373756.0,2012-01-27
193015.0,2012-01-28
120791.0,2012-01-29
354898.0,2012-01-30
374914.0,2012-01-31
371264.0,2012-02-01
387027.0,2012-02-02
369105.0,2012-02-03
181992.0,2012-02-04
115329.0,2012-02-05
357923.0,2012-02-06
370928.0,2012-02-07
377331.0,2012-02-08
381690.0,2012-02-09
365573.0,2012-02-10
222450.0,2012-02-11
125305.0,2012-02-12
351953.0,2012-02-13
380905.0,2012-02-14
383636.0,2012-02-15
387389.0,2012-02-16
371347.0,2012-02-17
234011.0,2012-02-18
184136.0,2012-02-19
199975.0,2012-02-20
375318.0,2012-02-21
379402.0,2012-02-22
382308.0,2012-02-23
372623.0,2012-02-24
191893.0,2012-02-25
119988.0,2012-02-26
360717.0,2012-02-27
373136.0,2012-02-28
365421.0,2012-02-29
369096.0,2012-03-01
373865.0,2012-03-02
185140.0,2012-03-03
132257.0,2012-03-04
362495.0,2012-03-05
381156.0,2012-03-06
388387.0,2012-03-07
387080.0,2012-03-08
375874.0,2012-03-09
186471.0,2012-03-10
121474.0,2012-03-11
359815.0,2012-03-12
356800.0,2012-03-13
366071.0,2012-03-14
377427.0,2012-03-15
355805.0,2012-03-16
190920.0,2012-03-17
120441.0,2012-03-18
357128.0,2012-03-19
371918.0,2012-03-20
377101.0,2012-03-21
378353.0,2012-03-22
362538.0,2012-03-23
159071.0,2012-03-24
124807.0,2012-03-25
351718.0,2012-03-26
359541.0,2012-03-27
368056.0,2012-03-28
370328.0,2012-03-29
351076.0,2012-03-30
152754.0,2012-03-31
131097.0,2012-04-01
366537.0,2012-04-02
383818.0,2012-04-03
386456.0,2012-04-04
380475.0,2012-04-05
361013.0,2012-04-06
181518.0,2012-04-07
111495.0,2012-04-08
356467.0,2012-04-09
356107.0,2012-04-10
368926.0,2012-04-11
371643.0,2012-04-12
358428.0,2012-04-13
188255.0,2012-04-14
131449.0,2012-04-15
372866.0,2012-04-16
383213.0,2012-04-17
395365.0,2012-04-18
388564.0,2012-04-19
390142.0,2012-04-20
204444.0,2012-04-21
138528.0,2012-04-22
360300.0,2012-04-23
380896.0,2012-04-24
376531.0,2012-04-25
380568.0,2012-04-26
376344.0,2012-04-27
196726.0,2012-04-28
137353.0,2012-04-29
359983.0,2012-04-30
385393.0,2012-05-01
384040.0,2012-05-02
385466.0,2012-05-03
382353.0,2012-05-04
196636.0,2012-05-05
136094.0,2012-05-06
360761.0,2012-05-07
376905.0,2012-05-08
385844.0,2012-05-09
386015.0,2012-05-10
383947.0,2012-05-11
193527.0,2012-05-12
133559.0,2012-05-13
366269.0,2012-05-14
381542.0,2012-05-15
384252.0,2012-05-16
388895.0,2012-05-17
375496.0,2012-05-18
199836.0,2012-05-19
178323.0,2012-05-20
358313.0,2012-05-21
377405.0,2012-05-22
387342.0,2012-05-23
377886.0,2012-05-24
357047.0,2012-05-25
188607.0,2012-05-26
195231.0,2012-05-27
141770.0,2012-05-28
361815.0,2012-05-29
372087.0,2012-05-30
369003.0,2012-05-31
370557.0,2012-06-01
183400.0,2012-06-02
139865.0,2012-06-03
355266.0,2012-06-04
374363.0,2012-06-05
377422.0,2012-06-06
379292.0,2012-06-07
366051.0,2012-06-08
179602.0,2012-06-09
142380.0,2012-06-10
363800.0,2012-06-11
389880.0,2012-06-12
393596.0,2012-06-13
242827.0,2012-06-14
394641.0,2012-06-15
218462.0,2012-06-16
159705.0,2012-06-17
363429.0,2012-06-18
383857.0,2012-06-19
393648.0,2012-06-20
385178.0,2012-06-21
382863.0,2012-06-22
245050.0,2012-06-23
265137.0,2012-06-24
369709.0,2012-06-25
385791.0,2012-06-26
391800.0,2012-06-27
392703.0,2012-06-28
379255.0,2012-06-29
188453.0,2012-06-30
134095.0,2012-07-01
361451.0,2012-07-02
371957.0,2012-07-03
180564.0,2012-07-04
352756.0,2012-07-05
346774.0,2012-07-06
181324.0,2012-07-07
135115.0,2012-07-08
361501.0,2012-07-09
380216.0,2012-07-10
389588.0,2012-07-11
386484.0,2012-07-12
373707.0,2012-07-13
189114.0,2012-07-14
160395.0,2012-07-15
362180.0,2012-07-16
383279.0,2012-07-17
389563.0,2012-07-18
393446.0,2012-07-19
379097.0,2012-07-20
196408.0,2012-07-21
146120.0,2012-07-22
373599.0,2012-07-23
389196.0,2012-07-24
393531.0,2012-07-25
384216.0,2012-07-26
373235.0,2012-07-27
194923.0,2012-07-28
148514.0,2012-07-29
367260.0,2012-07-30
386343.0,2012-07-31
393602.0,2012-08-01
393005.0,2012-08-02
382170.0,2012-08-03
196746.0,2012-08-04
147581.0,2012-08-05
364438.0,2012-08-06
380794.0,2012-08-07
387503.0,2012-08-08
383767.0,2012-08-09
386089.0,2012-08-10
207994.0,2012-08-11
161917.0,2012-08-12
386071.0,2012-08-13
382197.0,2012-08-14
398422.0,2012-08-15
383638.0,2012-08-16
373182.0,2012-08-17
215052.0,2012-08-18
144744.0,2012-08-19
372011.0,2012-08-20
388372.0,2012-08-21
395541.0,2012-08-22
397397.0,2012-08-23
383956.0,2012-08-24
217803.0,2012-08-25
146586.0,2012-08-26
376720.0,2012-08-27
388660.0,2012-08-28
388661.0,2012-08-29
391368.0,2012-08-30
369896.0,2012-08-31
203630.0,2012-09-01
153505.0,2012-09-02
154518.0,2012-09-03
396487.0,2012-09-04
402458.0,2012-09-05
400713.0,2012-09-06
400383.0,2012-09-07
210644.0,2012-09-08
143186.0,2012-09-09
415478.0,2012-09-10
400206.0,2012-09-11
396463.0,2012-09-12
401940.0,2012-09-13
408089.0,2012-09-14
211334.0,2012-09-15
145486.0,2012-09-16
388574.0,2012-09-17
409467.0,2012-09-18
415868.0,2012-09-19
419362.0,2012-09-20
408050.0,2012-09-21
208864.0,2012-09-22
185916.0,2012-09-23
383004.0,2012-09-24
400035.0,2012-09-25
399066.0,2012-09-26
411794.0,2012-09-27
402685.0,2012-09-28
214484.0,2012-09-29
152869.0,2012-09-30
406288.0,2012-10-01
421284.0,2012-10-02
428677.0,2012-10-03
413997.0,2012-10-04
421117.0,2012-10-05
317203.0,2012-10-06
227081.0,2012-10-07
348846.0,2012-10-08
429895.0,2012-10-09
426605.0,2012-10-10
432916.0,2012-10-11
398974.0,2012-10-12
206233.0,2012-10-13
155113.0,2012-10-14
401832.0,2012-10-15
403348.0,2012-10-16
407325.0,2012-10-17
420910.0,2012-10-18
401272.0,2012-10-19
227580.0,2012-10-20
176624.0,2012-10-21
387759.0,2012-10-22
400929.0,2012-10-23
413358.0,2012-10-24
421131.0,2012-10-25
394537.0,2012-10-26
176548.0,2012-10-27
152409.0,2012-10-28
385819.0,2012-10-29
401569.0,2012-10-30
567020.0,2012-10-31
404777.0,2012-11-01
437232.0,2012-11-02
163668.0,2012-11-04
391253.0,2012-11-05
400265.0,2012-11-06
409304.0,2012-11-07
400964.0,2012-11-08
395517.0,2012-11-09
233071.0,2012-11-10
151988.0,2012-11-11
297047.0,2012-11-12
397904.0,2012-11-13
411364.0,2012-11-14
409898.0,2012-11-15
390114.0,2012-11-16
176108.0,2012-11-17
160918.0,2012-11-18
381473.0,2012-11-19
379351.0,2012-11-20
348964.0,2012-11-21
95293.0,2012-11-22
225720.0,2012-11-23
186548.0,2012-11-24
130920.0,2012-11-25
378410.0,2012-11-26
395193.0,2012-11-27
380800.0,2012-11-28
395128.0,2012-11-29
374646.0,2012-11-30
189759.0,2012-12-01
129584.0,2012-12-02
398189.0,2012-12-03
401733.0,2012-12-04
397851.0,2012-12-05
440193.0,2012-12-06
419459.0,2012-12-07
218118.0,2012-12-08
150494.0,2012-12-09
384015.0,2012-12-10
396329.0,2012-12-11
397871.0,2012-12-12
402835.0,2012-12-13
396841.0,2012-12-14
203538.0,2012-12-15
158710.0,2012-12-16
370335.0,2012-12-17
396900.0,2012-12-18
392156.0,2012-12-19
382903.0,2012-12-20
350974.0,2012-12-21
182202.0,2012-12-22
114276.0,2012-12-23
186262.0,2012-12-24
57860.0,2012-12-25
246320.0,2012-12-26
295051.0,2012-12-27
289120.0,2012-12-28
174872.0,2012-12-29
139255.0,2012-12-30
270063.0,2012-12-31
149668.0,2013-01-01
38393.0,2013-01-01
332492.0,2013-01-02
351895.0,2013-01-03
351209.0,2013-01-04
154486.0,2013-01-05
109429.0,2013-01-06
355036.0,2013-01-07
373047.0,2013-01-08
377858.0,2013-01-09
374174.0,2013-01-10
370854.0,2013-01-11
173917.0,2013-01-12
120407.0,2013-01-13
360801.0,2013-01-14
374351.0,2013-01-15
384884.0,2013-01-16
384376.0,2013-01-17
370965.0,2013-01-18
178531.0,2013-01-19
128881.0,2013-01-20
209110.0,2013-01-21
386987.0,2013-01-22
387566.0,2013-01-23
387580.0,2013-01-24
376503.0,2013-01-25
201584.0,2013-01-26
127993.0,2013-01-27
381298.0,2013-01-28
387425.0,2013-01-29
394625.0,2013-01-30
404599.0,2013-01-31
408556.0,2013-02-01
200110.0,2013-02-02
145294.0,2013-02-03
376915.0,2013-02-04
397091.0,2013-02-05
398761.0,2013-02-06
398810.0,2013-02-07
388986.0,2013-02-08
192639.0,2013-02-09
130801.0,2013-02-10
375514.0,2013-02-11
402513.0,2013-02-12
403542.0,2013-02-13
414899.0,2013-02-14
384375.0,2013-02-15
195118.0,2013-02-16
150665.0,2013-02-17
192757.0,2013-02-18
375923.0,2013-02-19
400253.0,2013-02-20
401015.0,2013-02-21
392297.0,2013-02-22
236289.0,2013-02-23
128837.0,2013-02-24
384101.0,2013-02-25
399324.0,2013-02-26
401939.0,2013-02-27
408932.0,2013-02-28
402637.0,2013-03-01
194710.0,2013-03-02
134966.0,2013-03-03
388503.0,2013-03-04
405778.0,2013-03-05
402100.0,2013-03-06
401901.0,2013-03-07
399769.0,2013-03-08
197649.0,2013-03-09
142187.0,2013-03-10
387623.0,2013-03-11
397945.0,2013-03-12
404085.0,2013-03-13
401960.0,2013-03-14
397749.0,2013-03-15
217130.0,2013-03-16
153958.0,2013-03-17
390961.0,2013-03-18
401374.0,2013-03-19
396525.0,2013-03-20
409836.0,2013-03-21
395275.0,2013-03-22
203932.0,2013-03-23
146455.0,2013-03-24
376800.0,2013-03-25
385630.0,2013-03-26
388181.0,2013-03-27
393273.0,2013-03-28
366174.0,2013-03-29
191064.0,2013-03-30
113576.0,2013-03-31
369028.0,2013-04-01
401216.0,2013-04-02
416344.0,2013-04-03
394239.0,2013-04-04
401718.0,2013-04-05
196481.0,2013-04-06
145770.0,2013-04-07
387473.0,2013-04-08
413067.0,2013-04-09
413752.0,2013-04-10
412958.0,2013-04-11
400207.0,2013-04-12
208181.0,2013-04-13
149079.0,2013-04-14
391974.0,2013-04-15
398939.0,2013-04-16
410958.0,2013-04-17
405130.0,2013-04-18
398869.0,2013-04-19
234637.0,2013-04-20
148385.0,2013-04-21
387742.0,2013-04-22
403953.0,2013-04-23
409586.0,2013-04-24
407060.0,2013-04-25
407233.0,2013-04-26
208516.0,2013-04-27
166274.0,2013-04-28
388201.0,2013-04-29
402388.0,2013-04-30
410924.0,2013-05-01
410367.0,2013-05-02
400976.0,2013-05-03
200544.0,2013-05-04
148282.0,2013-05-05
389687.0,2013-05-06
402553.0,2013-05-07
403907.0,2013-05-08
408936.0,2013-05-09
403728.0,2013-05-10
200768.0,2013-05-11
148641.0,2013-05-12
382355.0,2013-05-13
397961.0,2013-05-14
407025.0,2013-05-15
408073.0,2013-05-16
396847.0,2013-05-17
218825.0,2013-05-18
185382.0,2013-05-19
388899.0,2013-05-20
402962.0,2013-05-21
408199.0,2013-05-22
402634.0,2013-05-23
379655.0,2013-05-24
201521.0,2013-05-25
175878.0,2013-05-26
147523.0,2013-05-27
392562.0,2013-05-28
400711.0,2013-05-29
411203.0,2013-05-30
343377.0,2013-05-31
200210.0,2013-06-01
148768.0,2013-06-02
375603.0,2013-06-03
397341.0,2013-06-04
399210.0,2013-06-05
392190.0,2013-06-06
385113.0,2013-06-07
188138.0,2013-06-08
141475.0,2013-06-09
378022.0,2013-06-10
405996.0,2013-06-11
407567.0,2013-06-12
406458.0,2013-06-13
388750.0,2013-06-14
203711.0,2013-06-15
156164.0,2013-06-16
387924.0,2013-06-17
403322.0,2013-06-18
410579.0,2013-06-19
409642.0,2013-06-20
393635.0,2013-06-21
200010.0,2013-06-22
147474.0,2013-06-23
376582.0,2013-06-24
395096.0,2013-06-25
416112.0,2013-06-26
405910.0,2013-06-27
403786.0,2013-06-28
254416.0,2013-06-29
298525.0,2013-06-30
3128.0,2013-07-01
78852.0,2013-07-05
160756.0,2013-07-06
132450.0,2013-07-07
370373.0,2013-07-08
396110.0,2013-07-09
398748.0,2013-07-10
389873.0,2013-07-11
390396.0,2013-07-12
195982.0,2013-07-13
145744.0,2013-07-14
370047.0,2013-07-15
384884.0,2013-07-16
386708.0,2013-07-17
390578.0,2013-07-18
383708.0,2013-07-19
190474.0,2013-07-20
145541.0,2013-07-21
374742.0,2013-07-22
392946.0,2013-07-23
395184.0,2013-07-24
402131.0,2013-07-25
407039.0,2013-07-26
211285.0,2013-07-27
160781.0,2013-07-28
372467.0,2013-07-29
389018.0,2013-07-30
401139.0,2013-07-31
393553.0,2013-08-01
397072.0,2013-08-02
202883.0,2013-08-03
152915.0,2013-08-04
343218.0,2013-08-05
381295.0,2013-08-06
385639.0,2013-08-07
394831.0,2013-08-08
405429.0,2013-08-09
211395.0,2013-08-10
162392.0,2013-08-11
365168.0,2013-08-12
387226.0,2013-08-13
395135.0,2013-08-14
400524.0,2013-08-15
389986.0,2013-08-16
219126.0,2013-08-17
154473.0,2013-08-18
385947.0,2013-08-19
402049.0,2013-08-20
411031.0,2013-08-21
404168.0,2013-08-22
411370.0,2013-08-23
204567.0,2013-08-24
155781.0,2013-08-25
386989.0,2013-08-26
403485.0,2013-08-27
425936.0,2013-08-28
476545.0,2013-08-29
453399.0,2013-08-30
271082.0,2013-08-31
228272.0,2013-09-01
197595.0,2013-09-02
412752.0,2013-09-03
415280.0,2013-09-04
421305.0,2013-09-05
425292.0,2013-09-06
232487.0,2013-09-07
168888.0,2013-09-08
403444.0,2013-09-09
420733.0,2013-09-10
420585.0,2013-09-11
421256.0,2013-09-12
403956.0,2013-09-13
229964.0,2013-09-14
173254.0,2013-09-15
404337.0,2013-09-16
415982.0,2013-09-17
420907.0,2013-09-18
422167.0,2013-09-19
410066.0,2013-09-20
195646.0,2013-09-21
165160.0,2013-09-22
403992.0,2013-09-23
425125.0,2013-09-24
436486.0,2013-09-25
430745.0,2013-09-26
412391.0,2013-09-27
209385.0,2013-09-28
193355.0,2013-09-29
395154.0,2013-09-30
412127.0,2013-10-01
410615.0,2013-10-02
419155.0,2013-10-03
441696.0,2013-10-04
247580.0,2013-10-05
173532.0,2013-10-06
403794.0,2013-10-07
406573.0,2013-10-08
409894.0,2013-10-09
456453.0,2013-10-10
372587.0,2013-10-11
197658.0,2013-10-12
146958.0,2013-10-13
332899.0,2013-10-14
379251.0,2013-10-15
392505.0,2013-10-16
404470.0,2013-10-17
2795.0,2013-10-18
261500.0,2013-10-22
386909.0,2013-10-23
401559.0,2013-10-24
387408.0,2013-10-25
174157.0,2013-10-26
142585.0,2013-10-27
383693.0,2013-10-28
399263.0,2013-10-29
408195.0,2013-10-30
395146.0,2013-10-31
394517.0,2013-11-01
221924.0,2013-11-02
160603.0,2013-11-03
388924.0,2013-11-04
405980.0,2013-11-05
407116.0,2013-11-06
414627.0,2013-11-07
403301.0,2013-11-08
223152.0,2013-11-09
149934.0,2013-11-10
296359.0,2013-11-11
404909.0,2013-11-12
408322.0,2013-11-13
417834.0,2013-11-14
408568.0,2013-11-15
200566.0,2013-11-16
142865.0,2013-11-17
394796.0,2013-11-18
407686.0,2013-11-19
417610.0,2013-11-20
413600.0,2013-11-21
321451.0,2013-11-22
194772.0,2013-11-23
149916.0,2013-11-24
375444.0,2013-11-25
385784.0,2013-11-26
346982.0,2013-11-27
92598.0,2013-11-28
229666.0,2013-11-29
189917.0,2013-11-30
144512.0,2013-12-01
384768.0,2013-12-02
410382.0,2013-12-03
394112.0,2013-12-04
409253.0,2013-12-05
402012.0,2013-12-06
211577.0,2013-12-07
152412.0,2013-12-08
387042.0,2013-12-09
401824.0,2013-12-10
417146.0,2013-12-11
412761.0,2013-12-12
408465.0,2013-12-13
226660.0,2013-12-14
170011.0,2013-12-15
384126.0,2013-12-16
398343.0,2013-12-17
401517.0,2013-12-18
413558.0,2013-12-19
392332.0,2013-12-20
219421.0,2013-12-21
158145.0,2013-12-22
331142.0,2013-12-23
224706.0,2013-12-24
75277.0,2013-12-25
253957.0,2013-12-26
285877.0,2013-12-27
177081.0,2013-12-28
158328.0,2013-12-29
294481.0,2013-12-30
309132.0,2013-12-31
41106.0,2014-01-01
151668.0,2014-01-01
309878.0,2014-01-02
325479.0,2014-01-03
164805.0,2014-01-04
118687.0,2014-01-05
356322.0,2014-01-06
372156.0,2014-01-07
376515.0,2014-01-08
380254.0,2014-01-09
387650.0,2014-01-10
168794.0,2014-01-11
122744.0,2014-01-12
372685.0,2014-01-13
386892.0,2014-01-14
400222.0,2014-01-15
396017.0,2014-01-16
383133.0,2014-01-17
183390.0,2014-01-18
136017.0,2014-01-19
219292.0,2014-01-20
395280.0,2014-01-21
396355.0,2014-01-22
396504.0,2014-01-23
393054.0,2014-01-24
213844.0,2014-01-25
135939.0,2014-01-26
385407.0,2014-01-27
407491.0,2014-01-28
400175.0,2014-01-29
408637.0,2014-01-30
385944.0,2014-01-31
195288.0,2014-02-01
109243.0,2014-02-02
386855.0,2014-02-03
407038.0,2014-02-04
405339.0,2014-02-05
402904.0,2014-02-06
380769.0,2014-02-07
161132.0,2014-02-08
109750.0,2014-02-09
391446.0,2014-02-10
405026.0,2014-02-11
412484.0,2014-02-12
413602.0,2014-02-13
390297.0,2014-02-14
220630.0,2014-02-15
144814.0,2014-02-16
199848.0,2014-02-17
399705.0,2014-02-18
408260.0,2014-02-19
417012.0,2014-02-20
395738.0,2014-02-21
214046.0,2014-02-22
131824.0,2014-02-23
398163.0,2014-02-24
404785.0,2014-02-25
383377.0,2014-02-26
406130.0,2014-02-27
375479.0,2014-02-28
178900.0,2014-03-01
122364.0,2014-03-02
386405.0,2014-03-03
403945.0,2014-03-04
398278.0,2014-03-05
411472.0,2014-03-06
412218.0,2014-03-07
192110.0,2014-03-08
137081.0,2014-03-09
387904.0,2014-03-10
411024.0,2014-03-11
410809.0,2014-03-12
415219.0,2014-03-13
409918.0,2014-03-14
221493.0,2014-03-15
142412.0,2014-03-16
394978.0,2014-03-17
417096.0,2014-03-18
411320.0,2014-03-19
422993.0,2014-03-20
404524.0,2014-03-21
205534.0,2014-03-22
144375.0,2014-03-23
391142.0,2014-03-24
400239.0,2014-03-25
402791.0,2014-03-26
418163.0,2014-03-27
407703.0,2014-03-28
170569.0,2014-03-29
141435.0,2014-03-30
358732.0,2014-03-31
380910.0,2014-04-01
400209.0,2014-04-02
404533.0,2014-04-03
398950.0,2014-04-04
204992.0,2014-04-05
158265.0,2014-04-06
389907.0,2014-04-07
419106.0,2014-04-08
420174.0,2014-04-09
429814.0,2014-04-10
403402.0,2014-04-11
209096.0,2014-04-12
144645.0,2014-04-13
378559.0,2014-04-14
405327.0,2014-04-15
416359.0,2014-04-16
423055.0,2014-04-17
388849.0,2014-04-18
202403.0,2014-04-19
142660.0,2014-04-20
388413.0,2014-04-21
406522.0,2014-04-22
411944.0,2014-04-23
418765.0,2014-04-24
381590.0,2014-04-25
198010.0,2014-04-26
143926.0,2014-04-27
399666.0,2014-04-28
413252.0,2014-04-29
415393.0,2014-04-30
425220.0,2014-05-01
401760.0,2014-05-02
189253.0,2014-05-03
143472.0,2014-05-04
399445.0,2014-05-05
412694.0,2014-05-06
415146.0,2014-05-07
409725.0,2014-05-08
408149.0,2014-05-09
199693.0,2014-05-10
139544.0,2014-05-11
400219.0,2014-05-12
415820.0,2014-05-13
420778.0,2014-05-14
417297.0,2014-05-15
407849.0,2014-05-16
211362.0,2014-05-17
188955.0,2014-05-18
396266.0,2014-05-19
410830.0,2014-05-20
413980.0,2014-05-21
414332.0,2014-05-22
400834.0,2014-05-23
205238.0,2014-05-24
190354.0,2014-05-25
163160.0,2014-05-26
409893.0,2014-05-27
423565.0,2014-05-28
414542.0,2014-05-29
397976.0,2014-05-30
192964.0,2014-05-31
149449.0,2014-06-01
395923.0,2014-06-02
411178.0,2014-06-03
408319.0,2014-06-04
410179.0,2014-06-05
405211.0,2014-06-06
197987.0,2014-06-07
155506.0,2014-06-08
395517.0,2014-06-09
410603.0,2014-06-10
412450.0,2014-06-11
410333.0,2014-06-12
405915.0,2014-06-13
223972.0,2014-06-14
161718.0,2014-06-15
397902.0,2014-06-16
415927.0,2014-06-17
420113.0,2014-06-18
428406.0,2014-06-19
409212.0,2014-06-20
205880.0,2014-06-21
162796.0,2014-06-22
400671.0,2014-06-23
421402.0,2014-06-24
429389.0,2014-06-25
429152.0,2014-06-26
414092.0,2014-06-27
243309.0,2014-06-28
279505.0,2014-06-29
392174.0,2014-06-30
417134.0,2014-07-01
414073.0,2014-07-02
414528.0,2014-07-03
185404.0,2014-07-04
184924.0,2014-07-05
148014.0,2014-07-06
406725.0,2014-07-07
433918.0,2014-07-08
426756.0,2014-07-09
433292.0,2014-07-10
412046.0,2014-07-11
202504.0,2014-07-12
148430.0,2014-07-13
396233.0,2014-07-14
413362.0,2014-07-15
418300.0,2014-07-16
419406.0,2014-07-17
412701.0,2014-07-18
221081.0,2014-07-19
160749.0,2014-07-20
395710.0,2014-07-21
418620.0,2014-07-22
426302.0,2014-07-23
427053.0,2014-07-24
397067.0,2014-07-25
235255.0,2014-07-26
161502.0,2014-07-27
401039.0,2014-07-28
417649.0,2014-07-29
423194.0,2014-07-30
414144.0,2014-07-31
417791.0,2014-08-01
211410.0,2014-08-02
159186.0,2014-08-03
398914.0,2014-08-04
411500.0,2014-08-05
428240.0,2014-08-06
432132.0,2014-08-07
416639.0,2014-08-08
222448.0,2014-08-09
169211.0,2014-08-10
397438.0,2014-08-11
420063.0,2014-08-12
422943.0,2014-08-13
423148.0,2014-08-14
433464.0,2014-08-15
231553.0,2014-08-16
161020.0,2014-08-17
399176.0,2014-08-18
424416.0,2014-08-19
427426.0,2014-08-20
421624.0,2014-08-21
423965.0,2014-08-22
216418.0,2014-08-23
160106.0,2014-08-24
409424.0,2014-08-25
418002.0,2014-08-26
429909.0,2014-08-27
453984.0,2014-08-28
397988.0,2014-08-29
201018.0,2014-08-30
164838.0,2014-08-31
164343.0,2014-09-01
419778.0,2014-09-02
431921.0,2014-09-03
431793.0,2014-09-04
434986.0,2014-09-05
215783.0,2014-09-06
154182.0,2014-09-07
410418.0,2014-09-08
431275.0,2014-09-09
441282.0,2014-09-10
440770.0,2014-09-11
425546.0,2014-09-12
211513.0,2014-09-13
176084.0,2014-09-14
412808.0,2014-09-15
436748.0,2014-09-16
438980.0,2014-09-17
438769.0,2014-09-18
435391.0,2014-09-19
216180.0,2014-09-20
169872.0,2014-09-21
421437.0,2014-09-22
437353.0,2014-09-23
442412.0,2014-09-24
432546.0,2014-09-25
424009.0,2014-09-26
220356.0,2014-09-27
157658.0,2014-09-28
419030.0,2014-09-29
436593.0,2014-09-30
439686.0,2014-10-01
443208.0,2014-10-02
425933.0,2014-10-03
207441.0,2014-10-04
150987.0,2014-10-05
428624.0,2014-10-06
441394.0,2014-10-07
438128.0,2014-10-08
434845.0,2014-10-09
434399.0,2014-10-10
269743.0,2014-10-11
222536.0,2014-10-12
380783.0,2014-10-13
455403.0,2014-10-14
457368.0,2014-10-15
463389.0,2014-10-16
434165.0,2014-10-17
225937.0,2014-10-18
173257.0,2014-10-19
413785.0,2014-10-20
438198.0,2014-10-21
430178.0,2014-10-22
439613.0,2014-10-23
447692.0,2014-10-24
209610.0,2014-10-25
160398.0,2014-10-26
414847.0,2014-10-27
442392.0,2014-10-28
444083.0,2014-10-29
440181.0,2014-10-30
505307.0,2014-10-31
198668.0,2014-11-01
153479.0,2014-11-02
421544.0,2014-11-03
431665.0,2014-11-04
445813.0,2014-11-05
432522.0,2014-11-06
432945.0,2014-11-07
206145.0,2014-11-08
176956.0,2014-11-09
403757.0,2014-11-10
357547.0,2014-11-11
436383.0,2014-11-12
443228.0,2014-11-13
427931.0,2014-11-14
206879.0,2014-11-15
139807.0,2014-11-16
416237.0,2014-11-17
431897.0,2014-11-18
426823.0,2014-11-19
452986.0,2014-11-20
439891.0,2014-11-21
211512.0,2014-11-22
143977.0,2014-11-23
406642.0,2014-11-24
410094.0,2014-11-25
368321.0,2014-11-26
95207.0,2014-11-27
204703.0,2014-11-28
167661.0,2014-11-29
114062.0,2014-11-30
408228.0,2014-12-01
422183.0,2014-12-02
423877.0,2014-12-03
447790.0,2014-12-04
430109.0,2014-12-05
209285.0,2014-12-06
172766.0,2014-12-07
414714.0,2014-12-08
432612.0,2014-12-09
445536.0,2014-12-10
245775.0,2014-12-11
402775.0,2014-12-12
238769.0,2014-12-13
156538.0,2014-12-14
406166.0,2014-12-15
429813.0,2014-12-16
431885.0,2014-12-17
456175.0,2014-12-18
416744.0,2014-12-19
218839.0,2014-12-20
185225.0,2014-12-21
394214.0,2014-12-22
375562.0,2014-12-23
239340.0,2014-12-24
72031.0,2014-12-25
219619.0,2014-12-26
181816.0,2014-12-27
137842.0,2014-12-28
314154.0,2014-12-29
297792.0,2014-12-30
306653.0,2014-12-31
149563.0,2015-01-01
37090.0,2015-01-01
263976.0,2015-01-02
161077.0,2015-01-03
117587.0,2015-01-04
393319.0,2015-01-05
398310.0,2015-01-06
408408.0,2015-01-07
404806.0,2015-01-08
403364.0,2015-01-09
189509.0,2015-01-10
133169.0,2015-01-11
406542.0,2015-01-12
420352.0,2015-01-13
398515.0,2015-01-14
419628.0,2015-01-15
354205.0,2015-01-16
182646.0,2015-01-17
131691.0,2015-01-18
222813.0,2015-01-19
416562.0,2015-01-20
430427.0,2015-01-21
422472.0,2015-01-22
417953.0,2015-01-23
215936.0,2015-01-24
139892.0,2015-01-25
410641.0,2015-01-26
432094.0,2015-01-27
429572.0,2015-01-28
429338.0,2015-01-29
413955.0,2015-01-30
200491.0,2015-01-31
124972.0,2015-02-01
403470.0,2015-02-02
425282.0,2015-02-03
437996.0,2015-02-04
429709.0,2015-02-05
386408.0,2015-02-06
193513.0,2015-02-07
109896.0,2015-02-08
407282.0,2015-02-09
432871.0,2015-02-10
433796.0,2015-02-11
431275.0,2015-02-12
407160.0,2015-02-13
211312.0,2015-02-14
152244.0,2015-02-15
210700.0,2015-02-16
419733.0,2015-02-17
425379.0,2015-02-18
419643.0,2015-02-19
414996.0,2015-02-20
206811.0,2015-02-21
134496.0,2015-02-22
410561.0,2015-02-23
426608.0,2015-02-24
435688.0,2015-02-25
434881.0,2015-02-26
424047.0,2015-02-27
192002.0,2015-02-28
141549.0,2015-03-01
411383.0,2015-03-02
432800.0,2015-03-03
443758.0,2015-03-04
436863.0,2015-03-05
434360.0,2015-03-06
239948.0,2015-03-07
146183.0,2015-03-08
400774.0,2015-03-09
429096.0,2015-03-10
431860.0,2015-03-11
434206.0,2015-03-12
417524.0,2015-03-13
233799.0,2015-03-14
140269.0,2015-03-15
411114.0,2015-03-16
433029.0,2015-03-17
439427.0,2015-03-18
435448.0,2015-03-19
426227.0,2015-03-20
207891.0,2015-03-21
139862.0,2015-03-22
417788.0,2015-03-23
425879.0,2015-03-24
429437.0,2015-03-25
428871.0,2015-03-26
405499.0,2015-03-27
195879.0,2015-03-28
139366.0,2015-03-29
396611.0,2015-03-30
405374.0,2015-03-31
418124.0,2015-04-01
438666.0,2015-04-02
400778.0,2015-04-03
193474.0,2015-04-04
102295.0,2015-04-05
417102.0,2015-04-06
419642.0,2015-04-07
432317.0,2015-04-08
445006.0,2015-04-09
423873.0,2015-04-10
217325.0,2015-04-11
149038.0,2015-04-12
427929.0,2015-04-13
434144.0,2015-04-14
451848.0,2015-04-15
432071.0,2015-04-16
427662.0,2015-04-17
226959.0,2015-04-18
151893.0,2015-04-19
433015.0,2015-04-20
436977.0,2015-04-21
442884.0,2015-04-22
448455.0,2015-04-23
422212.0,2015-04-24
189049.0,2015-04-25
143500.0,2015-04-26
406858.0,2015-04-27
431981.0,2015-04-28
438205.0,2015-04-29
437985.0,2015-04-30
420711.0,2015-05-01
202796.0,2015-05-02
152626.0,2015-05-03
414699.0,2015-05-04
444547.0,2015-05-05
396905.0,2015-05-06
432559.0,2015-05-07
414083.0,2015-05-08
188283.0,2015-05-09
137084.0,2015-05-10
413251.0,2015-05-11
434502.0,2015-05-12
444857.0,2015-05-13
424648.0,2015-05-14
416202.0,2015-05-15
206669.0,2015-05-16
180889.0,2015-05-17
404660.0,2015-05-18
438070.0,2015-05-19
425573.0,2015-05-20
450808.0,2015-05-21
393840.0,2015-05-22
180717.0,2015-05-23
156789.0,2015-05-24
139970.0,2015-05-25
415763.0,2015-05-26
439122.0,2015-05-27
437363.0,2015-05-28
424190.0,2015-05-29
196264.0,2015-05-30
150479.0,2015-05-31
408575.0,2015-06-01
425135.0,2015-06-02
432714.0,2015-06-03
433280.0,2015-06-04
409400.0,2015-06-05
183290.0,2015-06-06
153749.0,2015-06-07
404469.0,2015-06-08
424969.0,2015-06-09
419324.0,2015-06-10
429809.0,2015-06-11
410028.0,2015-06-12
192924.0,2015-06-13
158677.0,2015-06-14
415189.0,2015-06-15
446747.0,2015-06-16
441709.0,2015-06-17
439548.0,2015-06-18
543279.0,2015-06-19
207101.0,2015-06-20
143625.0,2015-06-21
412905.0,2015-06-22
437965.0,2015-06-23
442333.0,2015-06-24
448394.0,2015-06-25
445845.0,2015-06-26
275149.0,2015-06-27
330352.0,2015-06-28
421481.0,2015-06-29
435432.0,2015-06-30
433599.0,2015-07-01
414948.0,2015-07-02
236665.0,2015-07-03
175893.0,2015-07-04
144826.0,2015-07-05
402900.0,2015-07-06
434618.0,2015-07-07
440608.0,2015-07-08
385200.0,2015-07-09
419715.0,2015-07-10
204332.0,2015-07-11
153083.0,2015-07-12
416972.0,2015-07-13
435325.0,2015-07-14
442160.0,2015-07-15
440570.0,2015-07-16
424978.0,2015-07-17
212584.0,2015-07-18
148474.0,2015-07-19
414767.0,2015-07-20
439753.0,2015-07-21
443386.0,2015-07-22
446962.0,2015-07-23
427742.0,2015-07-24
214303.0,2015-07-25
169262.0,2015-07-26
417036.0,2015-07-27
434952.0,2015-07-28
441606.0,2015-07-29
437431.0,2015-07-30
418767.0,2015-07-31
112182.0,2015-08-01
84104.0,2015-08-02
408647.0,2015-08-03
429416.0,2015-08-04
437278.0,2015-08-05
436235.0,2015-08-06
427728.0,2015-08-07
215366.0,2015-08-08
162325.0,2015-08-09
408409.0,2015-08-10
433031.0,2015-08-11
439958.0,2015-08-12
435054.0,2015-08-13
441730.0,2015-08-14
213456.0,2015-08-15
156010.0,2015-08-16
403415.0,2015-08-17
439142.0,2015-08-18
439594.0,2015-08-19
434548.0,2015-08-20
421195.0,2015-08-21
208758.0,2015-08-22
151760.0,2015-08-23
396120.0,2015-08-24
445712.0,2015-08-25
447701.0,2015-08-26
451647.0,2015-08-27
427019.0,2015-08-28
207094.0,2015-08-29
169165.0,2015-08-30
425010.0,2015-08-31
443589.0,2015-09-01
445665.0,2015-09-02
445172.0,2015-09-03
414875.0,2015-09-04
124018.0,2015-09-05
86070.0,2015-09-06
82636.0,2015-09-07
435568.0,2015-09-08
449387.0,2015-09-09
450336.0,2015-09-10
436708.0,2015-09-11
209935.0,2015-09-12
176207.0,2015-09-13
432837.0,2015-09-14
460931.0,2015-09-15
460143.0,2015-09-16
461436.0,2015-09-17
445599.0,2015-09-18
215549.0,2015-09-19
176345.0,2015-09-20
426422.0,2015-09-21
448726.0,2015-09-22
449047.0,2015-09-23
457135.0,2015-09-24
455934.0,2015-09-25
229788.0,2015-09-26
172491.0,2015-09-27
429658.0,2015-09-28
451210.0,2015-09-29
449291.0,2015-09-30
456818.0,2015-10-01
446425.0,2015-10-02
229410.0,2015-10-03
157447.0,2015-10-04
432677.0,2015-10-05
448495.0,2015-10-06
452895.0,2015-10-07
455404.0,2015-10-08
442373.0,2015-10-09
240652.0,2015-10-10
211370.0,2015-10-11
380010.0,2015-10-12
453018.0,2015-10-13
449163.0,2015-10-14
460033.0,2015-10-15
436856.0,2015-10-16
201259.0,2015-10-17
142252.0,2015-10-18
428290.0,2015-10-19
445572.0,2015-10-20
454158.0,2015-10-21
454276.0,2015-10-22
430135.0,2015-10-23
196233.0,2015-10-24
138630.0,2015-10-25
433166.0,2015-10-26
460225.0,2015-10-27
449650.0,2015-10-28
456188.0,2015-10-29
429106.0,2015-10-30
208763.0,2015-10-31
160020.0,2015-11-01
432206.0,2015-11-02
446600.0,2015-11-03
460633.0,2015-11-04
451061.0,2015-11-05
450552.0,2015-11-06
201934.0,2015-11-07
133056.0,2015-11-08
426942.0,2015-11-09
450684.0,2015-11-10
361926.0,2015-11-11
452215.0,2015-11-12
436296.0,2015-11-13
210344.0,2015-11-14
166922.0,2015-11-15
430468.0,2015-11-16
448768.0,2015-11-17
452060.0,2015-11-18
453739.0,2015-11-19
448929.0,2015-11-20
203820.0,2015-11-21
141244.0,2015-11-22
414174.0,2015-11-23
420707.0,2015-11-24
360637.0,2015-11-25
87517.0,2015-11-26
208385.0,2015-11-27
190462.0,2015-11-28
129387.0,2015-11-29
410094.0,2015-11-30
439057.0,2015-12-01
439621.0,2015-12-02
438525.0,2015-12-03
439045.0,2015-12-04
209802.0,2015-12-05
164111.0,2015-12-06
426249.0,2015-12-07
440636.0,2015-12-08
447865.0,2015-12-09
442796.0,2015-12-10
442634.0,2015-12-11
226763.0,2015-12-12
132190.0,2015-12-13
427963.0,2015-12-14
453163.0,2015-12-15
464244.0,2015-12-16
453632.0,2015-12-17
452878.0,2015-12-18
216039.0,2015-12-19
164386.0,2015-12-20
370922.0,2015-12-21
377402.0,2015-12-22
369092.0,2015-12-23
220063.0,2015-12-24
75651.0,2015-12-25
155589.0,2015-12-26
123318.0,2015-12-27
308093.0,2015-12-28
315781.0,2015-12-29
305613.0,2015-12-30
283020.0,2015-12-31
31687.0,2016-01-01
142789.0,2016-01-01
157936.0,2016-01-02
112058.0,2016-01-03
393532.0,2016-01-04
399492.0,2016-01-05
400770.0,2016-01-06
416416.0,2016-01-07
399396.0,2016-01-08
162550.0,2016-01-09
120126.0,2016-01-10
416385.0,2016-01-11
423219.0,2016-01-12
420048.0,2016-01-13
432793.0,2016-01-14
408858.0,2016-01-15
165176.0,2016-01-16
117447.0,2016-01-17
219337.0,2016-01-18
413552.0,2016-01-19
434505.0,2016-01-20
440512.0,2016-01-21
420839.0,2016-01-22
193846.0,2016-01-23
130729.0,2016-01-24
434641.0,2016-01-25
443456.0,2016-01-26
460072.0,2016-01-27
453457.0,2016-01-28
425566.0,2016-01-29
277861.0,2016-01-30
194140.0,2016-01-31
442987.0,2016-02-01
458852.0,2016-02-02
472795.0,2016-02-03
487554.0,2016-02-04
523802.0,2016-02-05
410231.0,2016-02-06
162323.0,2016-02-07
421457.0,2016-02-08
458025.0,2016-02-09
449416.0,2016-02-10
456497.0,2016-02-11
417756.0,2016-02-12
207453.0,2016-02-13
151700.0,2016-02-14
209813.0,2016-02-15
442333.0,2016-02-16
436672.0,2016-02-17
442537.0,2016-02-18
417326.0,2016-02-19
240120.0,2016-02-20
132103.0,2016-02-21
424370.0,2016-02-22
442240.0,2016-02-23
444754.0,2016-02-24
451152.0,2016-02-25
428795.0,2016-02-26
200911.0,2016-02-27
135357.0,2016-02-28
424932.0,2016-02-29
457690.0,2016-03-01
448705.0,2016-03-02
459125.0,2016-03-03
424556.0,2016-03-04
163425.0,2016-03-05
117717.0,2016-03-06
420924.0,2016-03-07
436958.0,2016-03-08
446000.0,2016-03-09
434812.0,2016-03-10
411826.0,2016-03-11
190693.0,2016-03-12
117424.0,2016-03-13
436474.0,2016-03-14
445987.0,2016-03-15
459996.0,2016-03-16
446332.0,2016-03-17
426901.0,2016-03-18
190893.0,2016-03-19
126040.0,2016-03-20
400879.0,2016-03-21
425745.0,2016-03-22
444610.0,2016-03-23
438565.0,2016-03-24
395709.0,2016-03-25
170405.0,2016-03-26
118672.0,2016-03-27
400729.0,2016-03-28
433867.0,2016-03-29
426044.0,2016-03-30
415914.0,2016-03-31
428816.0,2016-04-01
199756.0,2016-04-02
135885.0,2016-04-03
428471.0,2016-04-04
451783.0,2016-04-05
441948.0,2016-04-06
464001.0,2016-04-07
414496.0,2016-04-08
166359.0,2016-04-09
127977.0,2016-04-10
422071.0,2016-04-11
439299.0,2016-04-12
453398.0,2016-04-13
437879.0,2016-04-14
420214.0,2016-04-15
222446.0,2016-04-16
142883.0,2016-04-17
431486.0,2016-04-18
443654.0,2016-04-19
457575.0,2016-04-20
444417.0,2016-04-21
407046.0,2016-04-22
184870.0,2016-04-23
128632.0,2016-04-24
414092.0,2016-04-25
439669.0,2016-04-26
441774.0,2016-04-27
439036.0,2016-04-28
421111.0,2016-04-29
193355.0,2016-04-30
162485.0,2016-05-01
419581.0,2016-05-02
452857.0,2016-05-03
440866.0,2016-05-04
444899.0,2016-05-05
417218.0,2016-05-06
175545.0,2016-05-07
126217.0,2016-05-08
417029.0,2016-05-09
436371.0,2016-05-10
451728.0,2016-05-11
440902.0,2016-05-12
416135.0,2016-05-13
197835.0,2016-05-14
169142.0,2016-05-15
433923.0,2016-05-16
439458.0,2016-05-17
452469.0,2016-05-18
453046.0,2016-05-19
428016.0,2016-05-20
202076.0,2016-05-21
148655.0,2016-05-22
417587.0,2016-05-23
435206.0,2016-05-24
438831.0,2016-05-25
446458.0,2016-05-26
397385.0,2016-05-27
182630.0,2016-05-28
163609.0,2016-05-29
149435.0,2016-05-30
418010.0,2016-05-31
433001.0,2016-06-01
441389.0,2016-06-02
418945.0,2016-06-03
184034.0,2016-06-04
144474.0,2016-06-05
416692.0,2016-06-06
438582.0,2016-06-07
445670.0,2016-06-08
432283.0,2016-06-09
421519.0,2016-06-10
192131.0,2016-06-11
148915.0,2016-06-12
442198.0,2016-06-13
442647.0,2016-06-14
449403.0,2016-06-15
450429.0,2016-06-16
413883.0,2016-06-17
190482.0,2016-06-18
147260.0,2016-06-19
414772.0,2016-06-20
441657.0,2016-06-21
444332.0,2016-06-22
448373.0,2016-06-23
425022.0,2016-06-24
229623.0,2016-06-25
247886.0,2016-06-26
430626.0,2016-06-27
443862.0,2016-06-28
454567.0,2016-06-29
452210.0,2016-06-30
397943.0,2016-07-01
177053.0,2016-07-02
136769.0,2016-07-03
135778.0,2016-07-04
403448.0,2016-07-05
427432.0,2016-07-06
429556.0,2016-07-07
414113.0,2016-07-08
199553.0,2016-07-09
139159.0,2016-07-10
420415.0,2016-07-11
438593.0,2016-07-12
444738.0,2016-07-13
446320.0,2016-07-14
419881.0,2016-07-15
189290.0,2016-07-16
137059.0,2016-07-17
418104.0,2016-07-18
438317.0,2016-07-19
438113.0,2016-07-20
445567.0,2016-07-21
415994.0,2016-07-22
195315.0,2016-07-23
140674.0,2016-07-24
416709.0,2016-07-25
445258.0,2016-07-26
444886.0,2016-07-27
445134.0,2016-07-28
420733.0,2016-07-29
170341.0,2016-07-30
130656.0,2016-07-31
409349.0,2016-08-01
437517.0,2016-08-02
432123.0,2016-08-03
434696.0,2016-08-04
426207.0,2016-08-05
197534.0,2016-08-06
151024.0,2016-08-07
410318.0,2016-08-08
434504.0,2016-08-09
436436.0,2016-08-10
435123.0,2016-08-11
409545.0,2016-08-12
184483.0,2016-08-13
133047.0,2016-08-14
411076.0,2016-08-15
435658.0,2016-08-16
439957.0,2016-08-17
437474.0,2016-08-18
417184.0,2016-08-19
175453.0,2016-08-20
126308.0,2016-08-21
414272.0,2016-08-22
435394.0,2016-08-23
440548.0,2016-08-24
437890.0,2016-08-25
415563.0,2016-08-26
211477.0,2016-08-27
137014.0,2016-08-28
414318.0,2016-08-29
436240.0,2016-08-30
438209.0,2016-08-31
455953.0,2016-09-01
406342.0,2016-09-02
169666.0,2016-09-03
142517.0,2016-09-04
120956.0,2016-09-05
430095.0,2016-09-06
442465.0,2016-09-07
447826.0,2016-09-08
426937.0,2016-09-09
190446.0,2016-09-10
135429.0,2016-09-11
423667.0,2016-09-12
448547.0,2016-09-13
456987.0,2016-09-14
461707.0,2016-09-15
430744.0,2016-09-16
186527.0,2016-09-17
163232.0,2016-09-18
429974.0,2016-09-19
451842.0,2016-09-20
456266.0,2016-09-21
453414.0,2016-09-22
430970.0,2016-09-23
184222.0,2016-09-24
148760.0,2016-09-25
422454.0,2016-09-26
445778.0,2016-09-27
447851.0,2016-09-28
452896.0,2016-09-29
436297.0,2016-09-30
218217.0,2016-10-01
147366.0,2016-10-02
425256.0,2016-10-03
459613.0,2016-10-04
459606.0,2016-10-05
467050.0,2016-10-06
453872.0,2016-10-07
232283.0,2016-10-08
196576.0,2016-10-09
383150.0,2016-10-10
452782.0,2016-10-11
443241.0,2016-10-12
450236.0,2016-10-13
397772.0,2016-10-14
169076.0,2016-10-15
143987.0,2016-10-16
426077.0,2016-10-17
439193.0,2016-10-18
445055.0,2016-10-19
458225.0,2016-10-20
442507.0,2016-10-21
197261.0,2016-10-22
142134.0,2016-10-23
420132.0,2016-10-24
444855.0,2016-10-25
442567.0,2016-10-26
439475.0,2016-10-27
417609.0,2016-10-28
173852.0,2016-10-29
109532.0,2016-10-30
401524.0,2016-10-31
440244.0,2016-11-01
448987.0,2016-11-02
464421.0,2016-11-03
436202.0,2016-11-04
202378.0,2016-11-05
165419.0,2016-11-06
440782.0,2016-11-07
432406.0,2016-11-08
455871.0,2016-11-09
451425.0,2016-11-10
353116.0,2016-11-11
186215.0,2016-11-12
146318.0,2016-11-13
426006.0,2016-11-14
445508.0,2016-11-15
444303.0,2016-11-16
449828.0,2016-11-17
431397.0,2016-11-18
178146.0,2016-11-19
120935.0,2016-11-20
413117.0,2016-11-21
418550.0,2016-11-22
366007.0,2016-11-23
83834.0,2016-11-24
206111.0,2016-11-25
160063.0,2016-11-26
151077.0,2016-11-27
416914.0,2016-11-28
432963.0,2016-11-29
434417.0,2016-11-30
450338.0,2016-12-01
431023.0,2016-12-02
203290.0,2016-12-03
164218.0,2016-12-04
431527.0,2016-12-05
439380.0,2016-12-06
439928.0,2016-12-07
431242.0,2016-12-08
423205.0,2016-12-09
179399.0,2016-12-10
145654.0,2016-12-11
427057.0,2016-12-12
441732.0,2016-12-13
446490.0,2016-12-14
434263.0,2016-12-15
432255.0,2016-12-16
216463.0,2016-12-17
144658.0,2016-12-18
398210.0,2016-12-19
418468.0,2016-12-20
403776.0,2016-12-21
374471.0,2016-12-22
261664.0,2016-12-23
153802.0,2016-12-24
58717.0,2016-12-25
143021.0,2016-12-26
282025.0,2016-12-27
305990.0,2016-12-28
296886.0,2016-12-29
273596.0,2016-12-30
168149.0,2016-12-31
121688.0,2017-01-01
28820.0,2017-01-01
138274.0,2017-01-02
365141.0,2017-01-03
385524.0,2017-01-04
405481.0,2017-01-05
359825.0,2017-01-06
127327.0,2017-01-07
78712.0,2017-01-08
391177.0,2017-01-09
389582.0,2017-01-10
406390.0,2017-01-11
422152.0,2017-01-12
391763.0,2017-01-13
165051.0,2017-01-14
124998.0,2017-01-15
206688.0,2017-01-16
417191.0,2017-01-17
414714.0,2017-01-18
419620.0,2017-01-19
377650.0,2017-01-20
344672.0,2017-01-21
104194.0,2017-01-22
405606.0,2017-01-23
431327.0,2017-01-24
431101.0,2017-01-25
435415.0,2017-01-26
408032.0,2017-01-27
193535.0,2017-01-28
134971.0,2017-01-29
411746.0,2017-01-30
433842.0,2017-01-31
443009.0,2017-02-01
428374.0,2017-02-02
407298.0,2017-02-03
184368.0,2017-02-04
106547.0,2017-02-05
398895.0,2017-02-06
413054.0,2017-02-07
438404.0,2017-02-08
416557.0,2017-02-09
410615.0,2017-02-10
230151.0,2017-02-11
133385.0,2017-02-12
417148.0,2017-02-13
440439.0,2017-02-14
455002.0,2017-02-15
439424.0,2017-02-16
376992.0,2017-02-17
185251.0,2017-02-18
115494.0,2017-02-19
164558.0,2017-02-20
416686.0,2017-02-21
434715.0,2017-02-22
449824.0,2017-02-23
410022.0,2017-02-24
176903.0,2017-02-25
118571.0,2017-02-26
415898.0,2017-02-27
435596.0,2017-02-28
435937.0,2017-03-01
440816.0,2017-03-02
424744.0,2017-03-03
162997.0,2017-03-04
111971.0,2017-03-05
409243.0,2017-03-06
436046.0,2017-03-07
450308.0,2017-03-08
443188.0,2017-03-09
418434.0,2017-03-10
197778.0,2017-03-11
133678.0,2017-03-12
415305.0,2017-03-13
448101.0,2017-03-14
439681.0,2017-03-15
452205.0,2017-03-16
412551.0,2017-03-17
191728.0,2017-03-18
122415.0,2017-03-19
398539.0,2017-03-20
414332.0,2017-03-21
421479.0,2017-03-22
432015.0,2017-03-23
384999.0,2017-03-24
180658.0,2017-03-25
120184.0,2017-03-26
355075.0,2017-03-27
411797.0,2017-03-28
412154.0,2017-03-29
418884.0,2017-03-30
391384.0,2017-03-31
190421.0,2017-04-01
134517.0,2017-04-02
407134.0,2017-04-03
425107.0,2017-04-04
417247.0,2017-04-05
407213.0,2017-04-06
369852.0,2017-04-07
149750.0,2017-04-08
108319.0,2017-04-09
408177.0,2017-04-10
412382.0,2017-04-11
418190.0,2017-04-12
417696.0,2017-04-13
383722.0,2017-04-14
190578.0,2017-04-15
109349.0,2017-04-16
393062.0,2017-04-17
435706.0,2017-04-18
443522.0,2017-04-19
447491.0,2017-04-20
396446.0,2017-04-21
215922.0,2017-04-22
124050.0,2017-04-23
410567.0,2017-04-24
434052.0,2017-04-25
438723.0,2017-04-26
442138.0,2017-04-27
407186.0,2017-04-28
186351.0,2017-04-29
129384.0,2017-04-30
414947.0,2017-05-01
435291.0,2017-05-02
431517.0,2017-05-03
445108.0,2017-05-04
413293.0,2017-05-05
158383.0,2017-05-06
122206.0,2017-05-07
408720.0,2017-05-08
430121.0,2017-05-09
432255.0,2017-05-10
435576.0,2017-05-11
407975.0,2017-05-12
163926.0,2017-05-13
129928.0,2017-05-14
413504.0,2017-05-15
442137.0,2017-05-16
435797.0,2017-05-17
437723.0,2017-05-18
414448.0,2017-05-19
182819.0,2017-05-20
160602.0,2017-05-21
407754.0,2017-05-22
428846.0,2017-05-23
432708.0,2017-05-24
422392.0,2017-05-25
374396.0,2017-05-26
157889.0,2017-05-27
139646.0,2017-05-28
110339.0,2017-05-29
395412.0,2017-05-30
424783.0,2017-05-31
428954.0,2017-06-01
412121.0,2017-06-02
182524.0,2017-06-03
141779.0,2017-06-04
408701.0,2017-06-05
425922.0,2017-06-06
428292.0,2017-06-07
409051.0,2017-06-08
401922.0,2017-06-09
159113.0,2017-06-10
119471.0,2017-06-11
411315.0,2017-06-12
428186.0,2017-06-13
430364.0,2017-06-14
518151.0,2017-06-15
400731.0,2017-06-16
189198.0,2017-06-17
131933.0,2017-06-18
405191.0,2017-06-19
429081.0,2017-06-20
433111.0,2017-06-21
432700.0,2017-06-22
405540.0,2017-06-23
220806.0,2017-06-24
247907.0,2017-06-25
410290.0,2017-06-26
431019.0,2017-06-27
435438.0,2017-06-28
423889.0,2017-06-29
400295.0,2017-06-30
170348.0,2017-07-01
129144.0,2017-07-02
261648.0,2017-07-03
133743.0,2017-07-04
405434.0,2017-07-05
417581.0,2017-07-06
404109.0,2017-07-07
173723.0,2017-07-08
130432.0,2017-07-09
406098.0,2017-07-10
430367.0,2017-07-11
434924.0,2017-07-12
431897.0,2017-07-13
413401.0,2017-07-14
195753.0,2017-07-15
139564.0,2017-07-16
412881.0,2017-07-17
431162.0,2017-07-18
440406.0,2017-07-19
436009.0,2017-07-20
411937.0,2017-07-21
196917.0,2017-07-22
149558.0,2017-07-23
408174.0,2017-07-24
428431.0,2017-07-25
437150.0,2017-07-26
429873.0,2017-07-27
400891.0,2017-07-28
185982.0,2017-07-29
132333.0,2017-07-30
412832.0,2017-07-31
434292.0,2017-08-01
438072.0,2017-08-02
430670.0,2017-08-03
410412.0,2017-08-04
192528.0,2017-08-05
139215.0,2017-08-06
402848.0,2017-08-07
421254.0,2017-08-08
430548.0,2017-08-09
423737.0,2017-08-10
403720.0,2017-08-11
189771.0,2017-08-12
148750.0,2017-08-13
400338.0,2017-08-14
419260.0,2017-08-15
420136.0,2017-08-16
423514.0,2017-08-17
393451.0,2017-08-18
203816.0,2017-08-19
134985.0,2017-08-20
387394.0,2017-08-21
424372.0,2017-08-22
434574.0,2017-08-23
427913.0,2017-08-24
405445.0,2017-08-25
179890.0,2017-08-26
127828.0,2017-08-27
407321.0,2017-08-28
423816.0,2017-08-29
423710.0,2017-08-30
449042.0,2017-08-31
375709.0,2017-09-01
149064.0,2017-09-02
120226.0,2017-09-03
104004.0,2017-09-04
424066.0,2017-09-05
431437.0,2017-09-06
431856.0,2017-09-07
404502.0,2017-09-08
175962.0,2017-09-09
126781.0,2017-09-10
413635.0,2017-09-11
434216.0,2017-09-12
436240.0,2017-09-13
435263.0,2017-09-14
410507.0,2017-09-15
178240.0,2017-09-16
157500.0,2017-09-17
408766.0,2017-09-18
437555.0,2017-09-19
434475.0,2017-09-20
433690.0,2017-09-21
411887.0,2017-09-22
199324.0,2017-09-23
139497.0,2017-09-24
414073.0,2017-09-25
432825.0,2017-09-26
436459.0,2017-09-27
438904.0,2017-09-28
409789.0,2017-09-29
187045.0,2017-09-30
132040.0,2017-10-01
416514.0,2017-10-02
437349.0,2017-10-03
447813.0,2017-10-04
440262.0,2017-10-05
421141.0,2017-10-06
211854.0,2017-10-07
184286.0,2017-10-08
362698.0,2017-10-09
437114.0,2017-10-10
432969.0,2017-10-11
423687.0,2017-10-12
398630.0,2017-10-13
163387.0,2017-10-14
143039.0,2017-10-15
412308.0,2017-10-16
435477.0,2017-10-17
431217.0,2017-10-18
462191.0,2017-10-19
405817.0,2017-10-20
181389.0,2017-10-21
123895.0,2017-10-22
412443.0,2017-10-23
430428.0,2017-10-24
443102.0,2017-10-25
437845.0,2017-10-26
417470.0,2017-10-27
168536.0,2017-10-28
127174.0,2017-10-29
413993.0,2017-10-30
415044.0,2017-10-31
429485.0,2017-11-01
442720.0,2017-11-02
409993.0,2017-11-03
168904.0,2017-11-04
124076.0,2017-11-05
436794.0,2017-11-06
446325.0,2017-11-07
453786.0,2017-11-08
448510.0,2017-11-09
349324.0,2017-11-10
181871.0,2017-11-11
120045.0,2017-11-12
425421.0,2017-11-13
441659.0,2017-11-14
433024.0,2017-11-15
426131.0,2017-11-16
421516.0,2017-11-17
180363.0,2017-11-18
129918.0,2017-11-19
395421.0,2017-11-20
406999.0,2017-11-21
338425.0,2017-11-22
77245.0,2017-11-23
197952.0,2017-11-24
163554.0,2017-11-25
123634.0,2017-11-26
411884.0,2017-11-27
427181.0,2017-11-28
427874.0,2017-11-29
435637.0,2017-11-30
417160.0,2017-12-01
188520.0,2017-12-02
151987.0,2017-12-03
416671.0,2017-12-04
431457.0,2017-12-05
435615.0,2017-12-06
441648.0,2017-12-07
418671.0,2017-12-08
203779.0,2017-12-09
128698.0,2017-12-10
420084.0,2017-12-11
425673.0,2017-12-12
430887.0,2017-12-13
447780.0,2017-12-14
419261.0,2017-12-15
189781.0,2017-12-16
164244.0,2017-12-17
399192.0,2017-12-18
410277.0,2017-12-19
408398.0,2017-12-20
384168.0,2017-12-21
323283.0,2017-12-22
161707.0,2017-12-23
92478.0,2017-12-24
61766.0,2017-12-25
216443.0,2017-12-26
277396.0,2017-12-27
275967.0,2017-12-28
262472.0,2017-12-29
152263.0,2017-12-30
129238.0,2017-12-31
109240.0,2018-01-01
24121.0,2018-01-01
330888.0,2018-01-02
360173.0,2018-01-03
368281.0,2018-01-04
346016.0,2018-01-05
144068.0,2018-01-06
98134.0,2018-01-07
373141.0,2018-01-08
391815.0,2018-01-09
409441.0,2018-01-10
408063.0,2018-01-11
382700.0,2018-01-12
152534.0,2018-01-13
109122.0,2018-01-14
180333.0,2018-01-15
410412.0,2018-01-16
413306.0,2018-01-17
409799.0,2018-01-18
390738.0,2018-01-19
229781.0,2018-01-20
102011.0,2018-01-21
404067.0,2018-01-22
434033.0,2018-01-23
415436.0,2018-01-24
425007.0,2018-01-25
392766.0,2018-01-26
180934.0,2018-01-27
112461.0,2018-01-28
407741.0,2018-01-29
423701.0,2018-01-30
423938.0,2018-01-31
424482.0,2018-02-01
397045.0,2018-02-02
170922.0,2018-02-03
105418.0,2018-02-04
402844.0,2018-02-05
434147.0,2018-02-06
423249.0,2018-02-07
436796.0,2018-02-08
400722.0,2018-02-09
176015.0,2018-02-10
110953.0,2018-02-11
411710.0,2018-02-12
429026.0,2018-02-13
426268.0,2018-02-14
428616.0,2018-02-15
374333.0,2018-02-16
170346.0,2018-02-17
121469.0,2018-02-18
167657.0,2018-02-19
412634.0,2018-02-20
420347.0,2018-02-21
430727.0,2018-02-22
391366.0,2018-02-23
198561.0,2018-02-24
111289.0,2018-02-25
395889.0,2018-02-26
421191.0,2018-02-27
421553.0,2018-02-28
404173.0,2018-03-01
382374.0,2018-03-02
149838.0,2018-03-03
111148.0,2018-03-04
404734.0,2018-03-05
428865.0,2018-03-06
418497.0,2018-03-07
428784.0,2018-03-08
391733.0,2018-03-09
155554.0,2018-03-10
106697.0,2018-03-11
400991.0,2018-03-12
413848.0,2018-03-13
423241.0,2018-03-14
419184.0,2018-03-15
389380.0,2018-03-16
175150.0,2018-03-17
108264.0,2018-03-18
402776.0,2018-03-19
395677.0,2018-03-20
414882.0,2018-03-21
410762.0,2018-03-22
407126.0,2018-03-23
200423.0,2018-03-24
133245.0,2018-03-25
407757.0,2018-03-26
435518.0,2018-03-27
428030.0,2018-03-28
443860.0,2018-03-29
361695.0,2018-03-30
157043.0,2018-03-31
112595.0,2018-04-01
384082.0,2018-04-02
421286.0,2018-04-03
418061.0,2018-04-04
405304.0,2018-04-05
350504.0,2018-04-06
168813.0,2018-04-07
122254.0,2018-04-08
408932.0,2018-04-09
423276.0,2018-04-10
421992.0,2018-04-11
425257.0,2018-04-12
391855.0,2018-04-13
175394.0,2018-04-14
106975.0,2018-04-15
408703.0,2018-04-16
446260.0,2018-04-17
429976.0,2018-04-18
430284.0,2018-04-19
420867.0,2018-04-20
183131.0,2018-04-21
127415.0,2018-04-22
408405.0,2018-04-23
434810.0,2018-04-24
425630.0,2018-04-25
426141.0,2018-04-26
401107.0,2018-04-27
189263.0,2018-04-28
124821.0,2018-04-29
406881.0,2018-04-30
437810.0,2018-05-01
427838.0,2018-05-02
424980.0,2018-05-03
402562.0,2018-05-04
174859.0,2018-05-05
127297.0,2018-05-06
404462.0,2018-05-07
433226.0,2018-05-08
435516.0,2018-05-09
431202.0,2018-05-10
395948.0,2018-05-11
174476.0,2018-05-12
115313.0,2018-05-13
406338.0,2018-05-14
426359.0,2018-05-15
427533.0,2018-05-16
428376.0,2018-05-17
405318.0,2018-05-18
180690.0,2018-05-19
158539.0,2018-05-20
402209.0,2018-05-21
434644.0,2018-05-22
424037.0,2018-05-23
423505.0,2018-05-24
369738.0,2018-05-25
167677.0,2018-05-26
139366.0,2018-05-27
115100.0,2018-05-28
405659.0,2018-05-29
412911.0,2018-05-30
428397.0,2018-05-31
408404.0,2018-06-01
171305.0,2018-06-02
135719.0,2018-06-03
406764.0,2018-06-04
425241.0,2018-06-05
426706.0,2018-06-06
418814.0,2018-06-07
396312.0,2018-06-08
167817.0,2018-06-09
122989.0,2018-06-10
400339.0,2018-06-11
494521.0,2018-06-12
424041.0,2018-06-13
426319.0,2018-06-14
388327.0,2018-06-15
168155.0,2018-06-16
119686.0,2018-06-17
400508.0,2018-06-18
427923.0,2018-06-19
429385.0,2018-06-20
434416.0,2018-06-21
401564.0,2018-06-22
218831.0,2018-06-23
246299.0,2018-06-24
410570.0,2018-06-25
435830.0,2018-06-26
437739.0,2018-06-27
439524.0,2018-06-28
403683.0,2018-06-29
184651.0,2018-06-30
120398.0,2018-07-01
384261.0,2018-07-02
398649.0,2018-07-03
132476.0,2018-07-04
362618.0,2018-07-05
354456.0,2018-07-06
162824.0,2018-07-07
122360.0,2018-07-08
416272.0,2018-07-09
438287.0,2018-07-10
442331.0,2018-07-11
438355.0,2018-07-12
403093.0,2018-07-13
175981.0,2018-07-14
130279.0,2018-07-15
410546.0,2018-07-16
428171.0,2018-07-17
431317.0,2018-07-18
431863.0,2018-07-19
422400.0,2018-07-20
198945.0,2018-07-21
147402.0,2018-07-22
410192.0,2018-07-23
429749.0,2018-07-24
428687.0,2018-07-25
435246.0,2018-07-26
393016.0,2018-07-27
165905.0,2018-07-28
131510.0,2018-07-29
402734.0,2018-07-30
420455.0,2018-07-31
422793.0,2018-08-01
422631.0,2018-08-02
399018.0,2018-08-03
141585.0,2018-08-04
100700.0,2018-08-05
401535.0,2018-08-06
435119.0,2018-08-07
430584.0,2018-08-08
426018.0,2018-08-09
411258.0,2018-08-10
173889.0,2018-08-11
132286.0,2018-08-12
398853.0,2018-08-13
418633.0,2018-08-14
424606.0,2018-08-15
416480.0,2018-08-16
394366.0,2018-08-17
177547.0,2018-08-18
130725.0,2018-08-19
407721.0,2018-08-20
431213.0,2018-08-21
434343.0,2018-08-22
424466.0,2018-08-23
410456.0,2018-08-24
137198.0,2018-08-25
99282.0,2018-08-26
409667.0,2018-08-27
427407.0,2018-08-28
426084.0,2018-08-29
425496.0,2018-08-30
374048.0,2018-08-31
138535.0,2018-09-01
104730.0,2018-09-02
107153.0,2018-09-03
430652.0,2018-09-04
435684.0,2018-09-05
438877.0,2018-09-06
415265.0,2018-09-07
187630.0,2018-09-08
132634.0,2018-09-09
441384.0,2018-09-10
438662.0,2018-09-11
450089.0,2018-09-12
439242.0,2018-09-13
407022.0,2018-09-14
189393.0,2018-09-15
138140.0,2018-09-16
414964.0,2018-09-17
434666.0,2018-09-18
433126.0,2018-09-19
450881.0,2018-09-20
421065.0,2018-09-21
145630.0,2018-09-22
106244.0,2018-09-23
423377.0,2018-09-24
445945.0,2018-09-25
452103.0,2018-09-26
452733.0,2018-09-27
416956.0,2018-09-28
184011.0,2018-09-29
159914.0,2018-09-30
414895.0,2018-10-01
429001.0,2018-10-02
437799.0,2018-10-03
437167.0,2018-10-04
411753.0,2018-10-05
197873.0,2018-10-06
148643.0,2018-10-07
367837.0,2018-10-08
433671.0,2018-10-09
435147.0,2018-10-10
437893.0,2018-10-11
405812.0,2018-10-12
176588.0,2018-10-13
119476.0,2018-10-14
415511.0,2018-10-15
443253.0,2018-10-16
440893.0,2018-10-17
436847.0,2018-10-18
400167.0,2018-10-19
172520.0,2018-10-20
121728.0,2018-10-21
429948.0,2018-10-22
437268.0,2018-10-23
447130.0,2018-10-24
444337.0,2018-10-25
405788.0,2018-10-26
172609.0,2018-10-27
133074.0,2018-10-28
410720.0,2018-10-29
437224.0,2018-10-30
418966.0,2018-10-31
434083.0,2018-11-01
421370.0,2018-11-02
167606.0,2018-11-03
122037.0,2018-11-04
428351.0,2018-11-05
429419.0,2018-11-06
434398.0,2018-11-07
452069.0,2018-11-08
393343.0,2018-11-09
159843.0,2018-11-10
133097.0,2018-11-11
303516.0,2018-11-12
432850.0,2018-11-13
424699.0,2018-11-14
413022.0,2018-11-15
300255.0,2018-11-16
126798.0,2018-11-17
91984.0,2018-11-18
350605.0,2018-11-19
356814.0,2018-11-20
284822.0,2018-11-21
67250.0,2018-11-22
149012.0,2018-11-23
149174.0,2018-11-24
108156.0,2018-11-25
405966.0,2018-11-26
415471.0,2018-11-27
418055.0,2018-11-28
407302.0,2018-11-29
400774.0,2018-11-30
163976.0,2018-12-01
133376.0,2018-12-02
417124.0,2018-12-03
423178.0,2018-12-04
416680.0,2018-12-05
436258.0,2018-12-06
406522.0,2018-12-07
178077.0,2018-12-08
136447.0,2018-12-09
415041.0,2018-12-10
433039.0,2018-12-11
440705.0,2018-12-12
432729.0,2018-12-13
399350.0,2018-12-14
175439.0,2018-12-15
110821.0,2018-12-16
413660.0,2018-12-17
419765.0,2018-12-18
412385.0,2018-12-19
400296.0,2018-12-20
348465.0,2018-12-21
165615.0,2018-12-22
123608.0,2018-12-23
150671.0,2018-12-24
60680.0,2018-12-25
224418.0,2018-12-26
267418.0,2018-12-27
249366.0,2018-12-28
133651.0,2018-12-29
104094.0,2018-12-30
196589.0,2018-12-31
98940.0,2019-01-01
328218.0,2019-01-02
364931.0,2019-01-03
340950.0,2019-01-04
112630.0,2019-01-05
71724.0,2019-01-06
377102.0,2019-01-07
410649.0,2019-01-08
401288.0,2019-01-09
409333.0,2019-01-10
382193.0,2019-01-11
146716.0,2019-01-12
98673.0,2019-01-13
395561.0,2019-01-14
403378.0,2019-01-15
398486.0,2019-01-16
395630.0,2019-01-17
385132.0,2019-01-18
174050.0,2019-01-19
92128.0,2019-01-20
171412.0,2019-01-21
418543.0,2019-01-22
418981.0,2019-01-23
424550.0,2019-01-24
390401.0,2019-01-25
172310.0,2019-01-26
119408.0,2019-01-27
406962.0,2019-01-28
423124.0,2019-01-29
422298.0,2019-01-30
439840.0,2019-01-31
386568.0,2019-02-01
150691.0,2019-02-02
95642.0,2019-02-03
396512.0,2019-02-04
413663.0,2019-02-05
430853.0,2019-02-06
430674.0,2019-02-07
380749.0,2019-02-08
138347.0,2019-02-09
105657.0,2019-02-10
407879.0,2019-02-11
428784.0,2019-02-12
400303.0,2019-02-13
410101.0,2019-02-14
364265.0,2019-02-15
146725.0,2019-02-16
110022.0,2019-02-17
164127.0,2019-02-18
423393.0,2019-02-19
421107.0,2019-02-20
431575.0,2019-02-21
386277.0,2019-02-22
182991.0,2019-02-23
102806.0,2019-02-24
397972.0,2019-02-25
408969.0,2019-02-26
413658.0,2019-02-27
425703.0,2019-02-28
387432.0,2019-03-01
145733.0,2019-03-02
100961.0,2019-03-03
405598.0,2019-03-04
430936.0,2019-03-05
418302.0,2019-03-06
426597.0,2019-03-07
401638.0,2019-03-08
107616.0,2019-03-09
101589.0,2019-03-10
401170.0,2019-03-11
423853.0,2019-03-12
426892.0,2019-03-13
425593.0,2019-03-14
400030.0,2019-03-15
182118.0,2019-03-16
114422.0,2019-03-17
412321.0,2019-03-18
428485.0,2019-03-19
421040.0,2019-03-20
441835.0,2019-03-21
385724.0,2019-03-22
167185.0,2019-03-23
120990.0,2019-03-24
386042.0,2019-03-25
414011.0,2019-03-26
400109.0,2019-03-27
409411.0,2019-03-28
371413.0,2019-03-29
156224.0,2019-03-30
116415.0,2019-03-31
374516.0,2019-04-01
414906.0,2019-04-02
417443.0,2019-04-03
413095.0,2019-04-04
383122.0,2019-04-05
155178.0,2019-04-06
113587.0,2019-04-07
403444.0,2019-04-08
433498.0,2019-04-09
436574.0,2019-04-10
431657.0,2019-04-11
394872.0,2019-04-12
183490.0,2019-04-13
112464.0,2019-04-14
410737.0,2019-04-15
429413.0,2019-04-16
433333.0,2019-04-17
429151.0,2019-04-18
376334.0,2019-04-19
178918.0,2019-04-20
101941.0,2019-04-21
401772.0,2019-04-22
429654.0,2019-04-23
440379.0,2019-04-24
430118.0,2019-04-25
397825.0,2019-04-26
156429.0,2019-04-27
114864.0,2019-04-28
409097.0,2019-04-29
444164.0,2019-04-30
428839.0,2019-05-01
428686.0,2019-05-02
394284.0,2019-05-03
159015.0,2019-05-04
110183.0,2019-05-05
402176.0,2019-05-06
424524.0,2019-05-07
436512.0,2019-05-08
430211.0,2019-05-09
395620.0,2019-05-10
165703.0,2019-05-11
106742.0,2019-05-12
402232.0,2019-05-13
433546.0,2019-05-14
412000.0,2019-05-15
419536.0,2019-05-16
388589.0,2019-05-17
140237.0,2019-05-18
114414.0,2019-05-19
404777.0,2019-05-20
417665.0,2019-05-21
422224.0,2019-05-22
419312.0,2019-05-23
362293.0,2019-05-24
158840.0,2019-05-25
118681.0,2019-05-26
103909.0,2019-05-27
412346.0,2019-05-28
442539.0,2019-05-29
419193.0,2019-05-30
390452.0,2019-05-31
160542.0,2019-06-01
110819.0,2019-06-02
401319.0,2019-06-03
420608.0,2019-06-04
426131.0,2019-06-05
406275.0,2019-06-06
395879.0,2019-06-07
158215.0,2019-06-08
114365.0,2019-06-09
399939.0,2019-06-10
418106.0,2019-06-11
418118.0,2019-06-12
425682.0,2019-06-13
381076.0,2019-06-14
169631.0,2019-06-15
120669.0,2019-06-16
404596.0,2019-06-17
429237.0,2019-06-18
426888.0,2019-06-19
431197.0,2019-06-20
392279.0,2019-06-21
179199.0,2019-06-22
120683.0,2019-06-23
408761.0,2019-06-24
431148.0,2019-06-25
431656.0,2019-06-26
429981.0,2019-06-27
402691.0,2019-06-28
207852.0,2019-06-29
239157.0,2019-06-30
396837.0,2019-07-01
401272.0,2019-07-02
381286.0,2019-07-03
121697.0,2019-07-04
230492.0,2019-07-05
138838.0,2019-07-06
103403.0,2019-07-07
397622.0,2019-07-08
420379.0,2019-07-09
425885.0,2019-07-10
424582.0,2019-07-11
394191.0,2019-07-12
166598.0,2019-07-13
116351.0,2019-07-14
406389.0,2019-07-15
427760.0,2019-07-16
430552.0,2019-07-17
428015.0,2019-07-18
385727.0,2019-07-19
166277.0,2019-07-20
111734.0,2019-07-21
407036.0,2019-07-22
425852.0,2019-07-23
424296.0,2019-07-24
424288.0,2019-07-25
386931.0,2019-07-26
167643.0,2019-07-27
123844.0,2019-07-28
395193.0,2019-07-29
418498.0,2019-07-30
418605.0,2019-07-31
420896.0,2019-08-01
380170.0,2019-08-02
159096.0,2019-08-03
112062.0,2019-08-04
397920.0,2019-08-05
416426.0,2019-08-06
416349.0,2019-08-07
420342.0,2019-08-08
387434.0,2019-08-09
185671.0,2019-08-10
126695.0,2019-08-11
395627.0,2019-08-12
422842.0,2019-08-13
428798.0,2019-08-14
424130.0,2019-08-15
386840.0,2019-08-16
157997.0,2019-08-17
110330.0,2019-08-18
404855.0,2019-08-19
429948.0,2019-08-20
432646.0,2019-08-21
436669.0,2019-08-22
387171.0,2019-08-23
174508.0,2019-08-24
125074.0,2019-08-25
418423.0,2019-08-26
434871.0,2019-08-27
426463.0,2019-08-28
427176.0,2019-08-29
361801.0,2019-08-30
148829.0,2019-08-31
110309.0,2019-09-01
98954.0,2019-09-02
426604.0,2019-09-03
437263.0,2019-09-04
439984.0,2019-09-05
411012.0,2019-09-06
167373.0,2019-09-07
120574.0,2019-09-08
441751.0,2019-09-09
443390.0,2019-09-10
440929.0,2019-09-11
431962.0,2019-09-12
397883.0,2019-09-13
165926.0,2019-09-14
133339.0,2019-09-15
418332.0,2019-09-16
441328.0,2019-09-17
440239.0,2019-09-18
424377.0,2019-09-19
422719.0,2019-09-20
176169.0,2019-09-21
115037.0,2019-09-22
413059.0,2019-09-23
434404.0,2019-09-24
436305.0,2019-09-25
432114.0,2019-09-26
398143.0,2019-09-27
177388.0,2019-09-28
131446.0,2019-09-29
411826.0,2019-09-30
434566.0,2019-10-01
472194.0,2019-10-02
437647.0,2019-10-03
401998.0,2019-10-04
158265.0,2019-10-05
109115.0,2019-10-06
416463.0,2019-10-07
431525.0,2019-10-08
405411.0,2019-10-09
433736.0,2019-10-10
397946.0,2019-10-11
185853.0,2019-10-12
130553.0,2019-10-13
356371.0,2019-10-14
430672.0,2019-10-15
432151.0,2019-10-16
435598.0,2019-10-17
396479.0,2019-10-18
161922.0,2019-10-19
103652.0,2019-10-20
413088.0,2019-10-21
413984.0,2019-10-22
428898.0,2019-10-23
435607.0,2019-10-24
388822.0,2019-10-25
149982.0,2019-10-26
96998.0,2019-10-27
392837.0,2019-10-28
425984.0,2019-10-29
431523.0,2019-10-30
403842.0,2019-10-31
388979.0,2019-11-01
169590.0,2019-11-02
120830.0,2019-11-03
418500.0,2019-11-04
426584.0,2019-11-05
430170.0,2019-11-06
457716.0,2019-11-07
396478.0,2019-11-08
160656.0,2019-11-09
102591.0,2019-11-10
303736.0,2019-11-11
436447.0,2019-11-12
435539.0,2019-11-13
438384.0,2019-11-14
408665.0,2019-11-15
161444.0,2019-11-16
127697.0,2019-11-17
423263.0,2019-11-18
437942.0,2019-11-19
439173.0,2019-11-20
443254.0,2019-11-21
399939.0,2019-11-22
150940.0,2019-11-23
100092.0,2019-11-24
385121.0,2019-11-25
367344.0,2019-11-26
285347.0,2019-11-27
63228.0,2019-11-28
165365.0,2019-11-29
112948.0,2019-11-30
81623.0,2019-12-01
390287.0,2019-12-02
422318.0,2019-12-03
417361.0,2019-12-04
430537.0,2019-12-05
388248.0,2019-12-06
158487.0,2019-12-07
131480.0,2019-12-08
418582.0,2019-12-09
433086.0,2019-12-10
436929.0,2019-12-11
440723.0,2019-12-12
401324.0,2019-12-13
175518.0,2019-12-14
140644.0,2019-12-15
405763.0,2019-12-16
419364.0,2019-12-17
409323.0,2019-12-18
410413.0,2019-12-19
372355.0,2019-12-20
156636.0,2019-12-21
93823.0,2019-12-22
282057.0,2019-12-23
159880.0,2019-12-24
49003.0,2019-12-25
207689.0,2019-12-26
227470.0,2019-12-27
135037.0,2019-12-28
82146.0,2019-12-29
255737.0,2019-12-30
223563.0,2019-12-31
92910.0,2020-01-01
292220.0,2020-01-02
291533.0,2020-01-03
130204.0,2020-01-04
85566.0,2020-01-05
384691.0,2020-01-06
395563.0,2020-01-07
399032.0,2020-01-08
398102.0,2020-01-09
371958.0,2020-01-10
138208.0,2020-01-11
92329.0,2020-01-12
399240.0,2020-01-13
418202.0,2020-01-14
413871.0,2020-01-15
388206.0,2020-01-16
371687.0,2020-01-17
164211.0,2020-01-18
97441.0,2020-01-19
162588.0,2020-01-20
423068.0,2020-01-22
419324.0,2020-01-23
382899.0,2020-01-24
155751.0,2020-01-25
94317.0,2020-01-26
399300.0,2020-01-27
414187.0,2020-01-28
414665.0,2020-01-29
417002.0,2020-01-30
383622.0,2020-01-31
152580.0,2020-02-01
93024.0,2020-02-02
396097.0,2020-02-03
416448.0,2020-02-04
412693.0,2020-02-05
418379.0,2020-02-06
385224.0,2020-02-07
166576.0,2020-02-08
88618.0,2020-02-09
402466.0,2020-02-10
417803.0,2020-02-11
416279.0,2020-02-12
421211.0,2020-02-13
365211.0,2020-02-14
148399.0,2020-02-15
105727.0,2020-02-16
155915.0,2020-02-17
411646.0,2020-02-18
414058.0,2020-02-20
379864.0,2020-02-21
149904.0,2020-02-22
99810.0,2020-02-23
424055.0,2020-02-25
418104.0,2020-02-26
420718.0,2020-02-27
370373.0,2020-02-28
140997.0,2020-02-29
89105.0,2020-03-01
381108.0,2020-03-02
389905.0,2020-03-03
386003.0,2020-03-04
376614.0,2020-03-05
328764.0,2020-03-06
115460.0,2020-03-07
76185.0,2020-03-08
302566.0,2020-03-09
294075.0,2020-03-10
270469.0,2020-03-11
233705.0,2020-03-12
185741.0,2020-03-13
58878.0,2020-03-14
37075.0,2020-03-15
119820.0,2020-03-16
54998.0,2020-03-17
48908.0,2020-03-18
46633.0,2020-03-19
42912.0,2020-03-20
18950.0,2020-03-21
12692.0,2020-03-22
35664.0,2020-03-23
32573.0,2020-03-24
33123.0,2020-03-25
32044.0,2020-03-26
31460.0,2020-03-27
12325.0,2020-03-28
9434.0,2020-03-29
30001.0,2020-03-30
29247.0,2020-03-31
30284.0,2020-04-01
29103.0,2020-04-02
29307.0,2020-04-03
11429.0,2020-04-04
7790.0,2020-04-05
25224.0,2020-04-06
26705.0,2020-04-07
25773.0,2020-04-08
24983.0,2020-04-09
24560.0,2020-04-10
11296.0,2020-04-11
7562.0,2020-04-12
24437.0,2020-04-13
24149.0,2020-04-14
24752.0,2020-04-15
24002.0,2020-04-16
24176.0,2020-04-17
11238.0,2020-04-18
8190.0,2020-04-19
23165.0,2020-04-20
23553.0,2020-04-21
24496.0,2020-04-22
24350.0,2020-04-23
24699.0,2020-04-24
11900.0,2020-04-25
8693.0,2020-04-26
24406.0,2020-04-27
25545.0,2020-04-29
25950.0,2020-04-30
27221.0,2020-05-01
13150.0,2020-05-02
9929.0,2020-05-03
27256.0,2020-05-04
27805.0,2020-05-05
28017.0,2020-05-06
28384.0,2020-05-07
28406.0,2020-05-08
13632.0,2020-05-09
10195.0,2020-05-10
27596.0,2020-05-11
28449.0,2020-05-12
29368.0,2020-05-13
29196.0,2020-05-14
30330.0,2020-05-15
14486.0,2020-05-16
9961.0,2020-05-17
29784.0,2020-05-18
31247.0,2020-05-19
31568.0,2020-05-20
31675.0,2020-05-21
31521.0,2020-05-22
15091.0,2020-05-23
11652.0,2020-05-24
13061.0,2020-05-25
32766.0,2020-05-26
33278.0,2020-05-27
33966.0,2020-05-28
34362.0,2020-05-29
15563.0,2020-05-30
11773.0,2020-05-31
32262.0,2020-06-01
32991.0,2020-06-02
38118.0,2020-06-03
35020.0,2020-06-04
35545.0,2020-06-05
17935.0,2020-06-06
13293.0,2020-06-07
37665.0,2020-06-08
38814.0,2020-06-09
39605.0,2020-06-10
40026.0,2020-06-11
39429.0,2020-06-12
21094.0,2020-06-13
15265.0,2020-06-14
42260.0,2020-06-15
43920.0,2020-06-16
44744.0,2020-06-17
44959.0,2020-06-18
47384.0,2020-06-19
22851.0,2020-06-20
16319.0,2020-06-21
44068.0,2020-06-22
45795.0,2020-06-23
45796.0,2020-06-24
45512.0,2020-06-25
45376.0,2020-06-26
22981.0,2020-06-27
17495.0,2020-06-28
44289.0,2020-06-29
46130.0,2020-06-30
47641.0,2020-07-01
46820.0,2020-07-02
32737.0,2020-07-03
18511.0,2020-07-04
17143.0,2020-07-05
44376.0,2020-07-06
47741.0,2020-07-07
47748.0,2020-07-08
47411.0,2020-07-09
46324.0,2020-07-10
23849.0,2020-07-11
17678.0,2020-07-12
45586.0,2020-07-13
46778.0,2020-07-14
46944.0,2020-07-15
46426.0,2020-07-16
45938.0,2020-07-17
22591.0,2020-07-18
17274.0,2020-07-19
42432.0,2020-07-20
45810.0,2020-07-21
46193.0,2020-07-22
46248.0,2020-07-23
44592.0,2020-07-24
22757.0,2020-07-25
17151.0,2020-07-26
43711.0,2020-07-27
45649.0,2020-07-28
46429.0,2020-07-29
46350.0,2020-07-30
46033.0,2020-07-31
22770.0,2020-08-01
17134.0,2020-08-02
45563.0,2020-08-03
46349.0,2020-08-04
46857.0,2020-08-05
47217.0,2020-08-06
46326.0,2020-08-07
23564.0,2020-08-08
17867.0,2020-08-09
45623.0,2020-08-10
46745.0,2020-08-11
47368.0,2020-08-12
47282.0,2020-08-13
45667.0,2020-08-14
23355.0,2020-08-15
15937.0,2020-08-16
44334.0,2020-08-17
47256.0,2020-08-18
46793.0,2020-08-19
46652.0,2020-08-20
45791.0,2020-08-21
22384.0,2020-08-22
16424.0,2020-08-23
44763.0,2020-08-24
46778.0,2020-08-25
47427.0,2020-08-26
47825.0,2020-08-27
46707.0,2020-08-28
24303.0,2020-08-29
18160.0,2020-08-30
45840.0,2020-08-31
48360.0,2020-09-01
48878.0,2020-09-02
49543.0,2020-09-03
48100.0,2020-09-04
25576.0,2020-09-05
18546.0,2020-09-06
19654.0,2020-09-07
48078.0,2020-09-08
45918.0,2020-09-09
47309.0,2020-09-10
45842.0,2020-09-11
22633.0,2020-09-12
9821.0,2020-09-13
46158.0,2020-09-14
49032.0,2020-09-15
50472.0,2020-09-16
50708.0,2020-09-17
50371.0,2020-09-18
26389.0,2020-09-19
19031.0,2020-09-20
48409.0,2020-09-21
50798.0,2020-09-22
51912.0,2020-09-23
51706.0,2020-09-24
51368.0,2020-09-25
28135.0,2020-09-26
20445.0,2020-09-27
48000.0,2020-09-28
51617.0,2020-09-29
52297.0,2020-09-30
52674.0,2020-10-01
51779.0,2020-10-02
28502.0,2020-10-03
21118.0,2020-10-04
50534.0,2020-10-05
52698.0,2020-10-06
53193.0,2020-10-07
53225.0,2020-10-08
53126.0,2020-10-09
29619.0,2020-10-10
21692.0,2020-10-11
45389.0,2020-10-12
53273.0,2020-10-13
53661.0,2020-10-14
54557.0,2020-10-15
53689.0,2020-10-16
30579.0,2020-10-17
21408.0,2020-10-18
51971.0,2020-10-19
54366.0,2020-10-20
55093.0,2020-10-21
54798.0,2020-10-22
55455.0,2020-10-23
30612.0,2020-10-24
21943.0,2020-10-25
51334.0,2020-10-26
54872.0,2020-10-27
55315.0,2020-10-28
55841.0,2020-10-29
55929.0,2020-10-30
30020.0,2020-10-31
22495.0,2020-11-01
53676.0,2020-11-02
52565.0,2020-11-03
52344.0,2020-11-04
55013.0,2020-11-05
54908.0,2020-11-06
31940.0,2020-11-07
21070.0,2020-11-08
52263.0,2020-11-09
55018.0,2020-11-10
46643.0,2020-11-11
55675.0,2020-11-12
51883.0,2020-11-13
29293.0,2020-11-14
21271.0,2020-11-15
52827.0,2020-11-16
49835.0,2020-11-17
52422.0,2020-11-18
53515.0,2020-11-19
52927.0,2020-11-20
27997.0,2020-11-21
19740.0,2020-11-22
50632.0,2020-11-23
52513.0,2020-11-24
49634.0,2020-11-25
13482.0,2020-11-26
32041.0,2020-11-27
25806.0,2020-11-28
19254.0,2020-11-29
49501.0,2020-11-30
51963.0,2020-12-01
51702.0,2020-12-02
52270.0,2020-12-03
51168.0,2020-12-04
27123.0,2020-12-05
18272.0,2020-12-06
45852.0,2020-12-07
47578.0,2020-12-08
47836.0,2020-12-09
47250.0,2020-12-10
45583.0,2020-12-11
22241.0,2020-12-12
13379.0,2020-12-13
45330.0,2020-12-14
46569.0,2020-12-15
46850.0,2020-12-16
46255.0,2020-12-17
45915.0,2020-12-18
23003.0,2020-12-19
17214.0,2020-12-20
43864.0,2020-12-21
45258.0,2020-12-22
44060.0,2020-12-23
29397.0,2020-12-24
8004.0,2020-12-25
19101.0,2020-12-26
15095.0,2020-12-27
38608.0,2020-12-28
40543.0,2020-12-29
40670.0,2020-12-30
33630.0,2020-12-31
13966.0,2021-01-01
17944.0,2021-01-02
14972.0,2021-01-03
39216.0,2021-01-04
44541.0,2021-01-05
42776.0,2021-01-06
43991.0,2021-01-07
42598.0,2021-01-08
22169.0,2021-01-09
15485.0,2021-01-10
42885.0,2021-01-11
44669.0,2021-01-12
45035.0,2021-01-13
44782.0,2021-01-14
44320.0,2021-01-15
22947.0,2021-01-16
17141.0,2021-01-17
25292.0,2021-01-18
43183.0,2021-01-19
42482.0,2021-01-20
46092.0,2021-01-21
42478.0,2021-01-22
23941.0,2021-01-23
13618.0,2021-01-24
43484.0,2021-01-25
43086.0,2021-01-26
41664.0,2021-01-27
41467.0,2021-01-28
45299.0,2021-01-29
23415.0,2021-01-30
17411.0,2021-01-31
44772.0,2021-02-01
45382.0,2021-02-02
47864.0,2021-02-03
47978.0,2021-02-04
47884.0,2021-02-05
27205.0,2021-02-06
18043.0,2021-02-07
45904.0,2021-02-08
48057.0,2021-02-09
49685.0,2021-02-10
46303.0,2021-02-11
46456.0,2021-02-12
25490.0,2021-02-13
19033.0,2021-02-14
23509.0,2021-02-15
48284.0,2021-02-16
48971.0,2021-02-17
49077.0,2021-02-18
46834.0,2021-02-19
27094.0,2021-02-20
19537.0,2021-02-21
47969.0,2021-02-22
49672.0,2021-02-23
50256.0,2021-02-24
50481.0,2021-02-25
50625.0,2021-02-26
28791.0,2021-02-27
20957.0,2021-02-28
49638.0,2021-03-01
51176.0,2021-03-02
52815.0,2021-03-03
52938.0,2021-03-04
52233.0,2021-03-05
29612.0,2021-03-06
21711.0,2021-03-07
50056.0,2021-03-08
50079.0,2021-03-09
49792.0,2021-03-10
52660.0,2021-03-11
53450.0,2021-03-12
29761.0,2021-03-13
18528.0,2021-03-14
49102.0,2021-03-15
51358.0,2021-03-16
52315.0,2021-03-17
47791.0,2021-03-18
51863.0,2021-03-19
30104.0,2021-03-20
22874.0,2021-03-21
50504.0,2021-03-22
53297.0,2021-03-23
53986.0,2021-03-24
54531.0,2021-03-25
55640.0,2021-03-26
32453.0,2021-03-27
23653.0,2021-03-28
51619.0,2021-03-29
54505.0,2021-03-30
54385.0,2021-03-31
58557.0,2021-04-01
56917.0,2021-04-02
32789.0,2021-04-03
22255.0,2021-04-04
54370.0,2021-04-05
58083.0,2021-04-06
59435.0,2021-04-07
58057.0,2021-04-08
58836.0,2021-04-09
34043.0,2021-04-10
25677.0,2021-04-11
55137.0,2021-04-12
56898.0,2021-04-13
58682.0,2021-04-14
59665.0,2021-04-15
59460.0,2021-04-16
35358.0,2021-04-17
27115.0,2021-04-18
55040.0,2021-04-19
59252.0,2021-04-20
58967.0,2021-04-21
58850.0,2021-04-22
58881.0,2021-04-23
33481.0,2021-04-24
21182.0,2021-04-25
55962.0,2021-04-26
58968.0,2021-04-27
58994.0,2021-04-28
60119.0,2021-04-29
61966.0,2021-04-30
38177.0,2021-05-01
27789.0,2021-05-02
60203.0,2021-05-03
63225.0,2021-05-04
63338.0,2021-05-05
64579.0,2021-05-06
65924.0,2021-05-07
39736.0,2021-05-08
27784.0,2021-05-09
59938.0,2021-05-10
64312.0,2021-05-11
64125.0,2021-05-12
65270.0,2021-05-13
64702.0,2021-05-14
37940.0,2021-05-15
26516.0,2021-05-16
60353.0,2021-05-17
67198.0,2021-05-18
66895.0,2021-05-19
68244.0,2021-05-20
67153.0,2021-05-21
40348.0,2021-05-22
29599.0,2021-05-23
64063.0,2021-05-24
67303.0,2021-05-25
68782.0,2021-05-26
71255.0,2021-05-27
69729.0,2021-05-28
40642.0,2021-05-29
33992.0,2021-05-30
33213.0,2021-05-31
69470.0,2021-06-01
70911.0,2021-06-02
72891.0,2021-06-03
72017.0,2021-06-04
41832.0,2021-06-05
33281.0,2021-06-06
68528.0,2021-06-07
73053.0,2021-06-08
74916.0,2021-06-09
76100.0,2021-06-10
76568.0,2021-06-11
45459.0,2021-06-12
34181.0,2021-06-13
71362.0,2021-06-14
78734.0,2021-06-15
80220.0,2021-06-16
81460.0,2021-06-17
76423.0,2021-06-18
48502.0,2021-06-19
33692.0,2021-06-20
72696.0,2021-06-21
79095.0,2021-06-22
79965.0,2021-06-23
82218.0,2021-06-24
83588.0,2021-06-25
51987.0,2021-06-26
42312.0,2021-06-27
74151.0,2021-06-28
81391.0,2021-06-29
82508.0,2021-06-30
84161.0,2021-07-01
80432.0,2021-07-02
48934.0,2021-07-03
40884.0,2021-07-04
45616.0,2021-07-05
80508.0,2021-07-06
84244.0,2021-07-07
85656.0,2021-07-08
84060.0,2021-07-09
50364.0,2021-07-10
38482.0,2021-07-11
80039.0,2021-07-12
86225.0,2021-07-13
87578.0,2021-07-14
88959.0,2021-07-15
87392.0,2021-07-16
52068.0,2021-07-17
38935.0,2021-07-18
84368.0,2021-07-19
89438.0,2021-07-20
88405.0,2021-07-21
88984.0,2021-07-22
86041.0,2021-07-23
50415.0,2021-07-24
40111.0,2021-07-25
79082.0,2021-07-26
88384.0,2021-07-27
88956.0,2021-07-28
92571.0,2021-07-29
84994.0,2021-07-30
50170.0,2021-07-31
38410.0,2021-08-01
80334.0,2021-08-02
89414.0,2021-08-03
90370.0,2021-08-04
88495.0,2021-08-05
89455.0,2021-08-06
55913.0,2021-08-07
38938.0,2021-08-08
80466.0,2021-08-09
89060.0,2021-08-10
90487.0,2021-08-11
91655.0,2021-08-12
92398.0,2021-08-13
58301.0,2021-08-14
41459.0,2021-08-15
86368.0,2021-08-16
93504.0,2021-08-17
96947.0,2021-08-18
96721.0,2021-08-19
101567.0,2021-08-20
66009.0,2021-08-21
47981.0,2021-08-22
90910.0,2021-08-23
97230.0,2021-08-24
97124.0,2021-08-25
100458.0,2021-08-26
103482.0,2021-08-27
64956.0,2021-08-28
44323.0,2021-08-29
91182.0,2021-08-30
98164.0,2021-08-31
101385.0,2021-09-01
104188.0,2021-09-02
101576.0,2021-09-03
66100.0,2021-09-04
51634.0,2021-09-05
43131.0,2021-09-06
101216.0,2021-09-07
104309.0,2021-09-08
107898.0,2021-09-09
105232.0,2021-09-10
63371.0,2021-09-11
45472.0,2021-09-12
93890.0,2021-09-13
104262.0,2021-09-14
107924.0,2021-09-15
110308.0,2021-09-16
110786.0,2021-09-17
79623.0,2021-09-18
55105.0,2021-09-19
101221.0,2021-09-20
105676.0,2021-09-21
107295.0,2021-09-22
110866.0,2021-09-23
112635.0,2021-09-24
71132.0,2021-09-25
49470.0,2021-09-26
98856.0,2021-09-27
107748.0,2021-09-28
110813.0,2021-09-29
115379.0,2021-09-30
116426.0,2021-10-01
78412.0,2021-10-02
48667.0,2021-10-03
98453.0,2021-10-04
105188.0,2021-10-05
107769.0,2021-10-06
110309.0,2021-10-07
119224.0,2021-10-08
88424.0,2021-10-09
57062.0,2021-10-10
85490.0,2021-10-11
106332.0,2021-10-12
107867.0,2021-10-13
117872.0,2021-10-14
111188.0,2021-10-15
69244.0,2021-10-16
43259.0,2021-10-17
103262.0,2021-10-18
108889.0,2021-10-19
108242.0,2021-10-20
110482.0,2021-10-21
106293.0,2021-10-22
64562.0,2021-10-23
27998.0,2021-10-24
93979.0,2021-10-25
109380.0,2021-10-26
113864.0,2021-10-27
120561.0,2021-10-28
118292.0,2021-10-29
69856.0,2021-10-30
47461.0,2021-10-31
98563.0,2021-11-01
112345.0,2021-11-02
118742.0,2021-11-03
119137.0,2021-11-04
118404.0,2021-11-05
67718.0,2021-11-06
46863.0,2021-11-07
105992.0,2021-11-08
110613.0,2021-11-09
122802.0,2021-11-10
103584.0,2021-11-11
118013.0,2021-11-12
72149.0,2021-11-13
45470.0,2021-11-14
107552.0,2021-11-15
116811.0,2021-11-16
122246.0,2021-11-17
123839.0,2021-11-18
113224.0,2021-11-19
70141.0,2021-11-20
46549.0,2021-11-21
100524.0,2021-11-22
107342.0,2021-11-23
98506.0,2021-11-24
33915.0,2021-11-25
69915.0,2021-11-26
62217.0,2021-11-27
44818.0,2021-11-28
105403.0,2021-11-29
115623.0,2021-11-30
119377.0,2021-12-01
120997.0,2021-12-02
118977.0,2021-12-03
70835.0,2021-12-04
43726.0,2021-12-05
108845.0,2021-12-06
119152.0,2021-12-07
125926.0,2021-12-08
124138.0,2021-12-09
123122.0,2021-12-10
77695.0,2021-12-11
36829.0,2021-12-12
90853.0,2021-12-13
114063.0,2021-12-14
114666.0,2021-12-15
122248.0,2021-12-16
120034.0,2021-12-17
74071.0,2021-12-18
47936.0,2021-12-19
99838.0,2021-12-20
91938.0,2021-12-21
85923.0,2021-12-22
76538.0,2021-12-23
49080.0,2021-12-24
17977.0,2021-12-25
28985.0,2021-12-26
65796.0,2021-12-27
73985.0,2021-12-28
67822.0,2021-12-29
78023.0,2021-12-30
56155.0,2021-12-31
34043.0,2022-01-01
33835.0,2022-01-02
76067.0,2022-01-03
81725.0,2022-01-04
84469.0,2022-01-05
83649.0,2022-01-06
77692.0,2022-01-07
49960.0,2022-01-08
34984.0,2022-01-09
77895.0,2022-01-10
83070.0,2022-01-11
83980.0,2022-01-12
84720.0,2022-01-13
84478.0,2022-01-14
52316.0,2022-01-15
34858.0,2022-01-16
49755.0,2022-01-17
86939.0,2022-01-18
86617.0,2022-01-19
89697.0,2022-01-20
90636.0,2022-01-21
54814.0,2022-01-22
36929.0,2022-01-23
84896.0,2022-01-24
91975.0,2022-01-25
92888.0,2022-01-26
95485.0,2022-01-27
91818.0,2022-01-28
57427.0,2022-01-29
37587.0,2022-01-30
85446.0,2022-01-31
94120.0,2022-02-01
99137.0,2022-02-02
102801.0,2022-02-03
101046.0,2022-02-04
62119.0,2022-02-05
40205.0,2022-02-06
93743.0,2022-02-07
102135.0,2022-02-08
103548.0,2022-02-09
107699.0,2022-02-10
103829.0,2022-02-11
66810.0,2022-02-12
40373.0,2022-02-13
98854.0,2022-02-14
108756.0,2022-02-15
114546.0,2022-02-16
114838.0,2022-02-17
111600.0,2022-02-18
82914.0,2022-02-19
49853.0,2022-02-20
61122.0,2022-02-21
108759.0,2022-02-22
112200.0,2022-02-23
115256.0,2022-02-24
109408.0,2022-02-25
65321.0,2022-02-26
51940.0,2022-02-27
104179.0,2022-02-28
117024.0,2022-03-01
120284.0,2022-03-02
120287.0,2022-03-03
114590.0,2022-03-04
69336.0,2022-03-05
47705.0,2022-03-06
105787.0,2022-03-07
124794.0,2022-03-08
125928.0,2022-03-09
129403.0,2022-03-10
119265.0,2022-03-11
78506.0,2022-03-12
48281.0,2022-03-13
115795.0,2022-03-14
125143.0,2022-03-15
132793.0,2022-03-16
133123.0,2022-03-17
122049.0,2022-03-18
64439.0,2022-03-19
55224.0,2022-03-20
116622.0,2022-03-21
133922.0,2022-03-22
137225.0,2022-03-23
139115.0,2022-03-24
122560.0,2022-03-25
78028.0,2022-03-26
47468.0,2022-03-27
110875.0,2022-03-28
130999.0,2022-03-29
132447.0,2022-03-30
128590.0,2022-03-31
122411.0,2022-04-01
75972.0,2022-04-02
51988.0,2022-04-03
114814.0,2022-04-04
133237.0,2022-04-05
134522.0,2022-04-06
136441.0,2022-04-07
129666.0,2022-04-08
83610.0,2022-04-09
58424.0,2022-04-10
116918.0,2022-04-11
141108.0,2022-04-12
145025.0,2022-04-13
129363.0,2022-04-14
116984.0,2022-04-15
69040.0,2022-04-16
48686.0,2022-04-17
126435.0,2022-04-18
137871.0,2022-04-19
142196.0,2022-04-20
134054.0,2022-04-21
122921.0,2022-04-22
78157.0,2022-04-23
54014.0,2022-04-24
120064.0,2022-04-25
146389.0,2022-04-26
152703.0,2022-04-27
143277.0,2022-04-28
132583.0,2022-04-29
82284.0,2022-04-30
60314.0,2022-05-01
120664.0,2022-05-02
147629.0,2022-05-03
144050.0,2022-05-04
145597.0,2022-05-05
132352.0,2022-05-06
87769.0,2022-05-07
56771.0,2022-05-08
123779.0,2022-05-09
142144.0,2022-05-10
143449.0,2022-05-11
141861.0,2022-05-12
136081.0,2022-05-13
92695.0,2022-05-14
63325.0,2022-05-15
122668.0,2022-05-16
142680.0,2022-05-17
146998.0,2022-05-18
140288.0,2022-05-19
128638.0,2022-05-20
79276.0,2022-05-21
58381.0,2022-05-22
123281.0,2022-05-23
142809.0,2022-05-24
141610.0,2022-05-25
139067.0,2022-05-26
120331.0,2022-05-27
72556.0,2022-05-28
67469.0,2022-05-29
54920.0,2022-05-30
129337.0,2022-05-31
139503.0,2022-06-01
137946.0,2022-06-02
